ID,Order,Book
1,1,902
2,2,308
3,2,730
4,2,707
5,2,95
6,3,569
7,3,780
8,3,771
9,3,964
10,4,418
11,4,65
12,4,556
13,4,729
14,5,731
15,5,67
16,5,467
17,5,837
18,6,567
19,7,531
20,7,316
21,7,644
22,7,926
23,8,145
24,8,684
25,9,779
26,9,884
27,10,260
28,10,820
29,10,532
30,10,268
31,11,533
32,11,297
33,11,14
34,11,460
35,12,647
36,12,512
37,12,553
38,12,777
39,13,865
40,13,876
41,14,834
42,14,486
43,14,929
44,14,44
45,15,898
46,15,725
47,16,92
48,16,121
49,17,950
50,18,745
51,18,226
52,19,592
53,20,715
54,20,314
55,21,219
56,22,906
57,22,273
58,22,159
59,22,202
60,23,971
61,23,689
62,23,836
63,24,116
64,24,41
65,24,120
66,25,12
67,25,693
68,26,431
69,26,634
70,26,502
71,27,950
72,28,908
73,29,654
74,29,244
75,30,557
76,30,461
77,31,959
78,31,345
79,31,591
80,32,53
81,33,403
82,33,864
83,33,825
84,33,330
85,34,299
86,34,752
87,34,884
88,35,672
89,36,212
90,37,299
91,37,854
92,38,194
93,39,444
94,39,704
95,40,866
96,41,544
97,41,242
98,42,272
99,43,803
100,44,206
101,44,53
102,44,305
103,44,424
104,45,883
105,45,448
106,45,398
107,45,151
108,46,553
109,46,147
110,47,71
111,47,504
112,48,535
113,48,860
114,48,811
115,49,978
116,50,101
117,50,825
118,51,243
119,52,434
120,52,261
121,52,827
122,52,309
123,53,2
124,53,419
125,54,76
126,55,906
127,55,36
128,55,619
129,55,383
130,56,721
131,56,601
132,56,439
133,57,881
134,57,220
135,57,720
136,57,873
137,58,847
138,58,235
139,58,68
140,58,626
141,59,642
142,59,945
143,59,797
144,60,567
145,60,764
146,61,951
147,61,703
148,62,273
149,62,572
150,62,57
151,63,106
152,63,98
153,64,422
154,65,802
155,66,154
156,67,678
157,67,90
158,68,235
159,68,812
160,69,114
161,70,274
162,70,734
163,70,721
164,71,345
165,71,856
166,72,459
167,72,903
168,72,427
169,72,961
170,73,511
171,73,597
172,73,911
173,73,927
174,74,622
175,75,137
176,76,572
177,76,441
178,76,591
179,76,556
180,77,300
181,77,334
182,77,397
183,78,539
184,79,848
185,79,44
186,79,306
187,80,795
188,80,962
189,81,495
190,81,379
191,81,125
192,81,186
193,82,847
194,82,472
195,83,646
196,83,735
197,83,222
198,83,169
199,84,319
200,84,788
201,84,816
202,85,583
203,85,608
204,86,535
205,87,598
206,87,441
207,87,96
208,88,536
209,88,413
210,89,879
211,89,784
212,90,864
213,91,974
214,92,903
215,93,328
216,94,562
217,94,543
218,94,254
219,95,370
220,95,38
221,96,187
222,97,783
223,97,680
224,98,594
225,98,620
226,98,509
227,99,377
228,100,173
229,100,280
230,100,517
231,100,815
232,101,778
233,102,132
234,102,271
235,102,943
236,103,826
237,103,954
238,103,974
239,103,46
240,104,793
241,104,370
242,104,899
243,104,688
244,105,155
245,105,922
246,105,246
247,105,325
248,106,897
249,106,35
250,106,566
251,107,917
252,107,185
253,108,968
254,108,55
255,108,828
256,108,423
257,109,326
258,109,408
259,109,867
260,109,958
261,110,254
262,111,106
263,111,854
264,111,626
265,111,911
266,112,272
267,112,890
268,113,553
269,113,783
270,113,587
271,113,596
272,114,169
273,114,360
274,115,48
275,115,62
276,115,786
277,115,862
278,116,750
279,116,354
280,116,904
281,117,560
282,118,792
283,118,760
284,118,513
285,119,92
286,120,776
287,121,888
288,121,521
289,121,110
290,122,199
291,123,365
292,123,153
293,123,192
294,124,354
295,124,312
296,124,131
297,124,970
298,125,321
299,125,82
300,125,238
301,126,844
302,126,407
303,127,764
304,127,632
305,127,149
306,127,726
307,128,425
308,128,347
309,128,318
310,129,409
311,130,485
312,130,642
313,130,431
314,130,563
315,131,812
316,132,480
317,132,562
318,132,761
319,133,272
320,134,753
321,134,971
322,134,661
323,135,915
324,135,332
325,135,96
326,136,396
327,136,70
328,137,30
329,138,780
330,139,786
331,139,149
332,139,195
333,139,156
334,140,34
335,140,720
336,140,879
337,141,308
338,141,825
339,141,655
340,142,26
341,142,352
342,142,150
343,142,309
344,143,897
345,143,653
346,144,567
347,145,948
348,145,686
349,145,679
350,146,870
351,146,510
352,147,189
353,147,460
354,148,373
355,149,142
356,149,162
357,150,61
358,150,759
359,151,828
360,152,895
361,152,761
362,152,962
363,152,134
364,153,675
365,154,223
366,155,772
367,155,337
368,156,549
369,157,106
370,157,362
371,157,897
372,157,814
373,158,168
374,158,683
375,158,680
376,159,567
377,159,226
378,159,32
379,159,27
380,160,292
381,160,351
382,160,862
383,160,814
384,161,55
385,162,849
386,162,632
387,162,851
388,163,690
389,164,965
390,164,967
391,165,703
392,165,392
393,165,739
394,166,718
395,166,254
396,166,670
397,166,303
398,167,844
399,168,143
400,169,509
401,169,370
402,169,10
403,170,264
404,170,779
405,170,342
406,171,761
407,171,669
408,172,158
409,172,199
410,173,209
411,173,173
412,174,265
413,174,370
414,174,70
415,174,805
416,175,670
417,175,813
418,176,861
419,176,508
420,176,446
421,176,679
422,177,275
423,178,340
424,178,969
425,178,20
426,178,241
427,179,465
428,179,408
429,180,528
430,180,301
431,181,572
432,181,855
433,181,58
434,181,241
435,182,486
436,182,978
437,183,595
438,184,428
439,184,675
440,184,204
441,184,417
442,185,653
443,185,822
444,185,416
445,185,347
446,186,747
447,186,708
448,187,236
449,187,581
450,187,854
451,187,643
452,188,161
453,188,180
454,188,673
455,188,594
456,189,930
457,189,260
458,189,760
459,190,312
460,190,571
461,191,571
462,191,823
463,192,97
464,193,451
465,193,289
466,193,20
467,194,669
468,194,43
469,194,317
470,194,582
471,195,645
472,195,262
473,196,52
474,196,32
475,197,677
476,197,197
477,197,576
478,197,781
479,198,313
480,198,598
481,199,263
482,199,53
483,200,867
484,200,569
485,201,963
486,202,103
487,203,265
488,203,536
489,204,753
490,204,949
491,204,645
492,204,718
493,205,274
494,205,177
495,206,357
496,206,256
497,206,482
498,207,856
499,207,605
500,207,543
501,208,49
502,208,355
503,208,222
504,208,738
505,209,829
506,209,759
507,209,538
508,209,143
509,210,196
510,210,82
511,211,110
512,211,421
513,212,340
514,212,949
515,212,222
516,213,538
517,213,720
518,213,858
519,214,888
520,214,899
521,214,888
522,215,916
523,216,534
524,217,16
525,217,117
526,218,720
527,219,775
528,220,875
529,220,977
530,220,729
531,220,54
532,221,436
533,221,106
534,222,801
535,222,587
536,223,839
537,223,422
538,223,658
539,223,460
540,224,954
541,224,22
542,224,280
543,225,553
544,225,282
545,225,409
546,226,318
547,226,810
548,227,117
549,227,28
550,227,143
551,227,913
552,228,901
553,228,106
554,229,459
555,229,416
556,229,105
557,229,348
558,230,597
559,230,193
560,230,881
561,230,505
562,231,539
563,231,368
564,232,217
565,232,713
566,232,238
567,233,957
568,234,479
569,235,598
570,235,361
571,235,751
572,235,180
573,236,563
574,236,520
575,237,596
576,238,929
577,238,780
578,238,386
579,239,188
580,239,378
581,239,955
582,240,827
583,240,156
584,241,652
585,241,396
586,241,526
587,241,56
588,242,529
589,242,959
590,243,226
591,244,212
592,244,316
593,245,661
594,245,411
595,245,106
596,245,904
597,246,792
598,246,60
599,247,968
600,248,963
601,249,199
602,249,665
603,250,447
604,250,844
605,250,432
606,251,120
607,252,188
608,252,664
609,252,505
610,252,384
611,253,272
612,254,142
613,254,103
614,254,413
615,255,530
616,255,731
617,255,605
618,256,552
619,257,614
620,257,210
621,257,724
622,258,855
623,258,657
624,258,954
625,258,48
626,259,206
627,259,485
628,260,908
629,260,372
630,260,59
631,261,266
632,262,875
633,262,963
634,263,386
635,263,86
636,263,153
637,263,764
638,264,667
639,264,334
640,264,959
641,264,673
642,265,434
643,265,639
644,266,363
645,266,149
646,266,838
647,267,218
648,268,336
649,269,338
650,269,54
651,269,815
652,269,534
653,270,36
654,270,34
655,271,791
656,271,331
657,271,62
658,272,904
659,272,55
660,272,349
661,273,434
662,273,469
663,273,129
664,274,72
665,274,770
666,274,464
667,274,856
668,275,359
669,275,104
670,276,596
671,276,977
672,276,42
673,276,137
674,277,913
675,277,523
676,278,850
677,278,816
678,279,593
679,279,661
680,279,49
681,279,480
682,280,113
683,280,896
684,280,536
685,280,368
686,281,4
687,281,673
688,281,473
689,282,318
690,282,434
691,282,911
692,282,157
693,283,669
694,284,634
695,285,452
696,285,401
697,286,711
698,286,672
699,286,368
700,286,182
701,287,719
702,287,752
703,287,896
704,287,766
705,288,796
706,288,429
707,289,41
708,289,565
709,289,449
710,289,876
711,290,373
712,291,541
713,291,288
714,291,301
715,291,543
716,292,422
717,292,617
718,292,668
719,293,164
720,293,546
721,294,151
722,294,879
723,294,820
724,294,115
725,295,628
726,295,596
727,295,750
728,296,300
729,296,171
730,296,211
731,296,405
732,297,772
733,297,396
734,298,749
735,299,366
736,299,358
737,300,675
738,300,528
739,300,626
740,300,554
741,301,378
742,301,921
743,301,686
744,302,414
745,302,914
746,302,377
747,302,686
748,303,68
749,303,533
750,303,521
751,303,196
752,304,647
753,304,357
754,304,275
755,305,272
756,305,662
757,306,336
758,306,893
759,306,883
760,306,479
761,307,567
762,307,493
763,308,922
764,308,675
765,308,634
766,309,751
767,309,129
768,310,309
769,310,103
770,310,945
771,310,353
772,311,240
773,311,107
774,311,735
775,312,884
776,312,388
777,312,406
778,313,230
779,313,423
780,313,736
781,314,664
782,314,520
783,314,759
784,315,458
785,315,324
786,316,300
787,316,793
788,317,51
789,317,628
790,317,818
791,317,90
792,318,883
793,318,469
794,319,254
795,319,590
796,319,958
797,320,650
798,320,725
799,321,673
800,321,847
801,322,348
802,322,497
803,322,543
804,323,748
805,323,813
806,323,516
807,324,845
808,325,262
809,325,241
810,326,650
811,326,929
812,326,767
813,327,767
814,327,536
815,327,751
816,328,869
817,329,457
818,329,105
819,329,899
820,329,737
821,330,202
822,330,778
823,330,645
824,330,650
825,331,637
826,331,928
827,331,608
828,332,68
829,333,716
830,333,977
831,333,964
832,333,143
833,334,729
834,335,409
835,335,356
836,336,770
837,337,807
838,338,137
839,338,32
840,338,515
841,338,703
842,339,373
843,339,714
844,339,776
845,339,416
846,340,500
847,341,787
848,341,650
849,341,60
850,341,221
851,342,623
852,342,563
853,343,133
854,343,230
855,343,773
856,343,921
857,344,962
858,344,236
859,345,152
860,345,934
861,346,163
862,346,868
863,346,467
864,347,258
865,348,155
866,348,736
867,348,974
868,349,248
869,349,697
870,350,412
871,350,181
872,351,599
873,351,616
874,351,599
875,351,317
876,352,638
877,352,793
878,352,545
879,352,948
880,353,851
881,354,511
882,354,79
883,355,296
884,355,966
885,356,539
886,356,854
887,357,454
888,357,396
889,357,852
890,357,972
891,358,273
892,358,860
893,359,813
894,359,211
895,360,977
896,360,676
897,361,39
898,361,199
899,361,774
900,361,299
901,362,388
902,362,174
903,362,601
904,362,880
905,363,63
906,364,178
907,365,787
908,365,561
909,365,95
910,366,977
911,366,210
912,366,96
913,367,442
914,367,196
915,367,606
916,367,799
917,368,579
918,368,850
919,369,421
920,369,398
921,369,129
922,369,947
923,370,810
924,370,168
925,370,494
926,371,181
927,371,772
928,372,94
929,372,883
930,372,305
931,372,548
932,373,503
933,373,721
934,373,498
935,374,369
936,374,337
937,374,693
938,374,654
939,375,545
940,376,446
941,376,219
942,377,427
943,377,266
944,377,306
945,378,273
946,379,298
947,379,935
948,379,491
949,379,523
950,380,503
951,380,29
952,380,513
953,380,800
954,381,390
955,381,465
956,381,459
957,381,67
958,382,728
959,382,223
960,383,9
961,384,617
962,385,385
963,386,26
964,386,39
965,386,922
966,387,68
967,388,338
968,388,135
969,389,784
970,389,78
971,389,25
972,390,848
973,391,157
974,392,219
975,392,394
976,392,887
977,392,600
978,393,110
979,393,810
980,393,793
981,393,306
982,394,770
983,394,101
984,394,743
985,395,496
986,395,200
987,395,64
988,396,551
989,396,592
990,396,10
991,397,741
992,398,328
993,398,767
994,399,358
995,399,123
996,399,377
997,399,376
998,400,217
999,400,253
1000,400,268
1001,400,515
1002,401,262
1003,401,533
1004,401,433
1005,402,190
1006,402,157
1007,403,176
1008,403,847
1009,404,405
1010,405,940
1011,405,376
1012,405,789
1013,405,915
1014,406,710
1015,406,202
1016,406,33
1017,407,747
1018,408,599
1019,408,697
1020,408,358
1021,409,789
1022,410,494
1023,410,122
1024,411,220
1025,411,949
1026,412,195
1027,412,897
1028,412,751
1029,413,952
1030,413,11
1031,413,322
1032,414,174
1033,415,888
1034,415,228
1035,416,134
1036,416,441
1037,416,413
1038,417,420
1039,417,454
1040,418,600
1041,418,857
1042,418,800
1043,419,529
1044,420,882
1045,420,19
1046,420,857
1047,421,595
1048,422,242
1049,422,852
1050,422,300
1051,423,437
1052,423,412
1053,424,637
1054,424,785
1055,424,832
1056,424,582
1057,425,760
1058,425,378
1059,425,236
1060,425,720
1061,426,795
1062,427,187
1063,427,966
1064,427,412
1065,428,550
1066,428,407
1067,428,740
1068,428,659
1069,429,835
1070,429,435
1071,429,485
1072,430,762
1073,430,688
1074,431,386
1075,431,689
1076,431,18
1077,431,606
1078,432,415
1079,432,468
1080,432,214
1081,432,128
1082,433,134
1083,433,887
1084,434,154
1085,435,520
1086,435,273
1087,436,210
1088,437,456
1089,437,17
1090,437,431
1091,437,354
1092,438,34
1093,438,721
1094,439,757
1095,439,777
1096,439,251
1097,440,34
1098,440,389
1099,441,922
1100,441,340
1101,441,195
1102,442,438
1103,443,538
1104,444,172
1105,445,537
1106,446,20
1107,447,362
1108,447,75
1109,448,960
1110,448,345
1111,449,517
1112,449,388
1113,450,678
1114,451,798
1115,452,802
1116,452,442
1117,452,148
1118,452,246
1119,453,639
1120,453,107
1121,453,427
1122,454,648
1123,454,757
1124,454,749
1125,454,501
1126,455,758
1127,455,306
1128,455,685
1129,456,672
1130,456,129
1131,457,828
1132,457,944
1133,458,90
1134,458,964
1135,458,883
1136,458,712
1137,459,920
1138,459,260
1139,459,554
1140,459,826
1141,460,227
1142,460,125
1143,460,871
1144,461,23
1145,461,960
1146,462,777
1147,462,695
1148,462,828
1149,463,974
1150,464,18
1151,464,215
1152,464,626
1153,465,245
1154,465,33
1155,466,609
1156,467,665
1157,467,325
1158,467,736
1159,467,33
1160,468,897
1161,468,543
1162,468,396
1163,469,964
1164,469,89
1165,470,847
1166,470,212
1167,470,553
1168,471,353
1169,472,892
1170,472,405
1171,472,592
1172,473,872
1173,473,330
1174,474,248
1175,475,641
1176,476,153
1177,476,404
1178,476,260
1179,476,698
1180,477,428
1181,477,507
1182,477,329
1183,477,88
1184,478,208
1185,478,348
1186,479,271
1187,479,641
1188,479,273
1189,480,239
1190,481,36
1191,482,316
1192,482,950
1193,482,660
1194,483,59
1195,483,929
1196,483,340
1197,484,892
1198,484,418
1199,484,379
1200,484,2
1201,485,847
1202,485,109
1203,485,850
1204,485,461
1205,486,850
1206,486,775
1207,486,716
1208,486,709
1209,487,313
1210,487,80
1211,488,90
1212,488,969
1213,488,311
1214,488,955
1215,489,468
1216,489,957
1217,490,614
1218,490,559
1219,490,863
1220,490,739
1221,491,401
1222,491,641
1223,492,467
1224,492,642
1225,492,106
1226,492,206
1227,493,639
1228,493,297
1229,494,295
1230,494,142
1231,494,926
1232,494,123
1233,495,547
1234,495,929
1235,495,199
1236,495,46
1237,496,335
1238,496,84
1239,497,62
1240,497,309
1241,497,720
1242,498,864
1243,498,802
1244,499,83
1245,500,634
1246,501,578
1247,502,303
1248,502,35
1249,502,220
1250,503,55
1251,503,234
1252,503,617
1253,503,104
1254,504,458
1255,504,424
1256,504,137
1257,504,410
1258,505,644
1259,505,965
1260,506,56
1261,506,521
1262,506,966
1263,506,921
1264,507,184
1265,508,554
1266,509,919
1267,510,700
1268,510,680
1269,510,320
1270,510,55
1271,511,894
1272,511,197
1273,512,323
1274,512,69
1275,512,207
1276,512,85
1277,513,592
1278,513,136
1279,513,185
1280,513,685
1281,514,978
1282,514,709
1283,515,714
1284,515,300
1285,515,606
1286,515,220
1287,516,47
1288,516,800
1289,516,109
1290,516,413
1291,517,461
1292,517,501
1293,518,517
1294,518,822
1295,518,77
1296,518,657
1297,519,595
1298,519,199
1299,519,437
1300,520,196
1301,520,212
1302,520,966
1303,521,952
1304,522,62
1305,522,827
1306,522,55
1307,523,868
1308,523,686
1309,524,689
1310,524,929
1311,524,388
1312,524,867
1313,525,874
1314,525,775
1315,525,56
1316,526,170
1317,526,684
1318,526,687
1319,526,720
1320,527,616
1321,528,287
1322,529,420
1323,529,937
1324,530,768
1325,531,96
1326,531,466
1327,531,854
1328,531,269
1329,532,635
1330,532,143
1331,533,550
1332,533,209
1333,533,765
1334,534,629
1335,535,450
1336,535,45
1337,535,791
1338,535,917
1339,536,560
1340,536,931
1341,536,978
1342,536,717
1343,537,904
1344,537,714
1345,537,384
1346,538,457
1347,539,720
1348,539,743
1349,539,130
1350,540,972
1351,540,968
1352,541,790
1353,541,646
1354,541,747
1355,541,743
1356,542,233
1357,542,856
1358,542,21
1359,543,418
1360,543,670
1361,544,21
1362,544,722
1363,544,553
1364,544,541
1365,545,311
1366,545,427
1367,546,160
1368,546,910
1369,546,29
1370,546,164
1371,547,936
1372,548,522
1373,548,359
1374,549,170
1375,549,766
1376,549,852
1377,550,898
1378,550,458
1379,550,857
1380,551,490
1381,551,372
1382,551,791
1383,551,307
1384,552,392
1385,553,698
1386,553,440
1387,553,173
1388,553,907
1389,554,691
1390,555,274
1391,555,234
1392,555,615
1393,555,338
1394,556,765
1395,556,483
1396,556,503
1397,556,534
1398,557,341
1399,558,595
1400,558,593
1401,559,801
1402,559,815
1403,559,320
1404,560,508
1405,560,507
1406,561,361
1407,561,575
1408,562,245
1409,562,446
1410,563,564
1411,563,919
1412,563,417
1413,563,165
1414,564,693
1415,565,227
1416,566,679
1417,566,298
1418,567,610
1419,567,519
1420,567,392
1421,568,962
1422,568,447
1423,569,493
1424,569,143
1425,570,717
1426,570,663
1427,570,589
1428,570,187
1429,571,900
1430,572,670
1431,572,122
1432,572,247
1433,573,654
1434,573,787
1435,573,789
1436,574,560
1437,574,59
1438,574,665
1439,574,458
1440,575,85
1441,576,568
1442,576,187
1443,576,894
1444,576,430
1445,577,358
1446,577,561
1447,577,16
1448,578,236
1449,579,558
1450,579,502
1451,579,21
1452,580,920
1453,580,675
1454,580,259
1455,581,886
1456,581,175
1457,581,114
1458,581,499
1459,582,373
1460,582,927
1461,583,744
1462,583,889
1463,583,482
1464,584,469
1465,584,241
1466,584,636
1467,584,892
1468,585,108
1469,586,877
1470,586,436
1471,586,664
1472,586,594
1473,587,342
1474,587,775
1475,588,768
1476,589,358
1477,589,732
1478,589,964
1479,590,636
1480,590,377
1481,590,70
1482,590,949
1483,591,366
1484,592,326
1485,592,301
1486,593,390
1487,593,37
1488,594,496
1489,594,681
1490,594,947
1491,595,202
1492,595,428
1493,595,895
1494,596,968
1495,596,133
1496,596,467
1497,596,89
1498,597,761
1499,597,131
1500,597,19
1501,598,535
1502,598,330
1503,598,148
1504,598,794
1505,599,13
1506,599,544
1507,599,885
1508,600,746
1509,600,240
1510,601,228
1511,602,973
1512,602,655
1513,602,779
1514,602,212
1515,603,733
1516,603,756
1517,604,924
1518,604,775
1519,604,385
1520,604,131
1521,605,683
1522,605,235
1523,606,353
1524,607,468
1525,607,943
1526,607,652
1527,607,144
1528,608,382
1529,608,775
1530,608,361
1531,609,361
1532,609,844
1533,609,175
1534,610,702
1535,610,458
1536,610,174
1537,610,779
1538,611,354
1539,611,894
1540,612,162
1541,612,475
1542,613,790
1543,613,928
1544,613,913
1545,614,307
1546,614,595
1547,614,20
1548,615,14
1549,615,112
1550,615,659
1551,616,684
1552,616,43
1553,617,973
1554,617,728
1555,617,853
1556,618,627
1557,619,197
1558,620,711
1559,620,804
1560,620,298
1561,620,938
1562,621,215
1563,622,670
1564,622,309
1565,622,427
1566,622,126
1567,623,524
1568,623,29
1569,623,246
1570,624,838
1571,625,956
1572,625,477
1573,625,839
1574,625,29
1575,626,71
1576,626,372
1577,626,620
1578,626,47
1579,627,854
1580,627,959
1581,627,469
1582,627,626
1583,628,495
1584,628,727
1585,628,371
1586,629,596
1587,629,403
1588,629,53
1589,629,356
1590,630,236
1591,630,356
1592,630,685
1593,630,327
1594,631,523
1595,631,773
1596,631,434
1597,632,883
1598,632,60
1599,632,670
1600,633,756
1601,633,26
1602,634,9
1603,634,706
1604,635,856
1605,635,441
1606,636,974
1607,636,105
1608,636,706
1609,636,145
1610,637,300
1611,637,199
1612,637,571
1613,637,930
1614,638,936
1615,638,23
1616,639,149
1617,639,303
1618,640,165
1619,640,789
1620,640,362
1621,640,547
1622,641,45
1623,641,170
1624,641,357
1625,642,668
1626,642,60
1627,642,235
1628,642,925
1629,643,221
1630,643,498
1631,644,702
1632,644,552
1633,644,603
1634,645,143
1635,645,507
1636,646,960
1637,647,209
1638,647,838
1639,647,271
1640,647,941
1641,648,45
1642,648,906
1643,649,65
1644,649,41
1645,650,288
1646,650,357
1647,651,74
1648,651,509
1649,651,303
1650,652,131
1651,653,838
1652,653,941
1653,654,85
1654,654,348
1655,654,502
1656,654,653
1657,655,832
1658,655,894
1659,655,271
1660,655,293
1661,656,973
1662,656,900
1663,657,899
1664,657,769
1665,657,969
1666,658,184
1667,658,374
1668,659,553
1669,660,692
1670,660,719
1671,660,128
1672,661,291
1673,661,673
1674,662,670
1675,662,284
1676,663,786
1677,663,25
1678,663,839
1679,664,422
1680,664,876
1681,665,825
1682,666,835
1683,666,735
1684,667,831
1685,668,876
1686,668,394
1687,669,603
1688,669,155
1689,669,649
1690,670,313
1691,670,569
1692,670,928
1693,671,6
1694,671,705
1695,671,945
1696,672,968
1697,672,553
1698,672,594
1699,673,552
1700,674,805
1701,674,469
1702,674,974
1703,674,510
1704,675,539
1705,676,920
1706,676,589
1707,676,794
1708,677,174
1709,677,28
1710,678,603
1711,678,769
1712,679,564
1713,679,657
1714,680,747
1715,680,56
1716,681,900
1717,681,768
1718,682,63
1719,683,719
1720,683,832
1721,684,651
1722,685,80
1723,685,360
1724,685,653
1725,685,317
1726,686,422
1727,687,894
1728,687,591
1729,687,932
1730,688,701
1731,688,655
1732,689,778
1733,690,706
1734,691,599
1735,692,633
1736,692,474
1737,692,656
1738,692,188
1739,693,914
1740,693,299
1741,694,296
1742,694,139
1743,695,256
1744,696,110
1745,696,252
1746,696,340
1747,697,1
1748,698,964
1749,698,96
1750,698,551
1751,698,540
1752,699,705
1753,699,169
1754,700,800
1755,700,656
1756,700,585
1757,700,216
1758,701,381
1759,701,614
1760,701,585
1761,702,941
1762,702,717
1763,702,308
1764,702,500
1765,703,757
1766,703,496
1767,703,601
1768,703,781
1769,704,338
1770,704,803
1771,704,75
1772,705,217
1773,705,600
1774,706,268
1775,706,370
1776,706,148
1777,707,363
1778,707,448
1779,708,127
1780,709,513
1781,710,870
1782,710,190
1783,710,668
1784,710,1
1785,711,241
1786,711,503
1787,711,127
1788,711,932
1789,712,122
1790,713,718
1791,713,72
1792,713,585
1793,713,772
1794,714,968
1795,714,271
1796,714,915
1797,715,240
1798,716,936
1799,717,214
1800,717,161
1801,717,345
1802,718,207
1803,719,285
1804,720,306
1805,720,825
1806,721,628
1807,721,279
1808,721,526
1809,721,271
1810,722,876
1811,722,232
1812,723,8
1813,723,804
1814,723,129
1815,724,503
1816,724,198
1817,725,327
1818,726,694
1819,726,887
1820,726,833
1821,727,84
1822,727,586
1823,727,956
1824,727,860
1825,728,88
1826,729,42
1827,729,926
1828,730,107
1829,730,652
1830,730,352
1831,731,732
1832,731,465
1833,731,187
1834,732,451
1835,732,910
1836,732,641
1837,732,437
1838,733,226
1839,734,611
1840,734,772
1841,734,864
1842,734,222
1843,735,437
1844,736,640
1845,736,97
1846,736,109
1847,737,456
1848,737,382
1849,737,374
1850,737,183
1851,738,945
1852,738,156
1853,739,848
1854,739,11
1855,739,606
1856,739,824
1857,740,74
1858,740,531
1859,740,800
1860,741,882
1861,741,282
1862,741,656
1863,742,972
1864,742,645
1865,743,409
1866,743,934
1867,743,671
1868,743,66
1869,744,481
1870,744,400
1871,744,952
1872,745,596
1873,745,256
1874,746,290
1875,746,325
1876,747,670
1877,748,850
1878,749,607
1879,749,78
1880,749,523
1881,750,495
1882,750,198
1883,750,519
1884,750,490
1885,751,614
1886,751,197
1887,751,956
1888,751,526
1889,752,24
1890,752,928
1891,752,464
1892,753,863
1893,753,611
1894,753,608
1895,754,358
1896,754,316
1897,754,632
1898,754,291
1899,755,132
1900,755,715
1901,755,431
1902,756,343
1903,756,439
1904,756,786
1905,756,794
1906,757,516
1907,758,91
1908,758,571
1909,758,147
1910,758,780
1911,759,476
1912,759,41
1913,759,94
1914,759,377
1915,760,678
1916,761,658
1917,761,310
1918,762,342
1919,762,511
1920,763,266
1921,764,689
1922,764,357
1923,764,748
1924,764,914
1925,765,863
1926,765,959
1927,765,356
1928,765,851
1929,766,971
1930,766,347
1931,767,912
1932,767,389
1933,767,338
1934,768,672
1935,768,503
1936,768,968
1937,769,663
1938,769,898
1939,769,256
1940,770,830
1941,770,868
1942,771,259
1943,771,120
1944,771,303
1945,772,610
1946,773,257
1947,773,510
1948,774,181
1949,774,739
1950,775,850
1951,775,446
1952,775,485
1953,775,618
1954,776,291
1955,777,794
1956,778,586
1957,778,297
1958,778,129
1959,778,248
1960,779,26
1961,779,765
1962,780,764
1963,781,304
1964,781,197
1965,782,674
1966,782,101
1967,782,177
1968,783,385
1969,784,927
1970,785,535
1971,785,261
1972,786,897
1973,786,339
1974,786,424
1975,786,959
1976,787,288
1977,787,916
1978,787,50
1979,788,73
1980,788,784
1981,789,501
1982,789,558
1983,789,828
1984,789,195
1985,790,877
1986,790,534
1987,790,369
1988,790,930
1989,791,813
1990,791,614
1991,792,251
1992,793,848
1993,794,606
1994,794,644
1995,795,765
1996,795,678
1997,795,604
1998,796,532
1999,796,348
2000,796,610
2001,797,592
2002,797,475
2003,797,674
2004,797,800
2005,798,971
2006,798,59
2007,798,554
2008,798,182
2009,799,598
2010,799,761
2011,799,402
2012,799,820
2013,800,473
2014,801,5
2015,801,504
2016,801,249
2017,802,529
2018,802,908
2019,802,654
2020,802,864
2021,803,272
2022,803,735
2023,804,245
2024,804,661
2025,805,106
2026,805,674
2027,805,795
2028,806,29
2029,807,875
2030,808,381
2031,808,905
2032,808,538
2033,809,509
2034,809,744
2035,809,499
2036,810,373
2037,810,9
2038,811,194
2039,812,175
2040,812,749
2041,812,305
2042,813,971
2043,813,347
2044,813,729
2045,814,906
2046,815,142
2047,816,147
2048,816,21
2049,816,330
2050,817,160
2051,818,383
2052,819,912
2053,819,884
2054,820,897
2055,821,473
2056,821,663
2057,821,875
2058,822,57
2059,822,672
2060,822,332
2061,823,381
2062,823,390
2063,824,427
2064,824,187
2065,824,328
2066,825,810
2067,825,650
2068,825,608
2069,826,862
2070,827,323
2071,827,475
2072,827,291
2073,828,779
2074,828,172
2075,828,824
2076,829,713
2077,830,535
2078,830,392
2079,831,71
2080,831,425
2081,831,729
2082,831,7
2083,832,351
2084,832,160
2085,833,292
2086,833,679
2087,833,861
2088,833,287
2089,834,470
2090,835,187
2091,836,357
2092,836,229
2093,837,820
2094,837,343
2095,837,423
2096,837,953
2097,838,773
2098,839,840
2099,839,86
2100,839,372
2101,839,586
2102,840,156
2103,840,417
2104,840,353
2105,841,575
2106,841,19
2107,842,879
2108,843,289
2109,844,228
2110,844,475
2111,844,763
2112,845,767
2113,846,849
2114,847,583
2115,847,273
2116,847,423
2117,847,253
2118,848,963
2119,848,493
2120,848,977
2121,849,107
2122,850,58
2123,850,227
2124,850,253
2125,850,379
2126,851,311
2127,851,511
2128,851,889
2129,852,590
2130,853,204
2131,853,293
2132,854,754
2133,854,262
2134,854,329
2135,854,92
2136,855,77
2137,856,40
2138,856,687
2139,857,461
2140,857,812
2141,857,314
2142,858,861
2143,859,746
2144,859,893
2145,859,395
2146,859,142
2147,860,16
2148,860,129
2149,860,32
2150,861,145
2151,862,948
2152,862,364
2153,862,459
2154,862,219
2155,863,956
2156,864,811
2157,864,310
2158,864,163
2159,865,958
2160,865,2
2161,866,75
2162,866,780
2163,866,654
2164,867,347
2165,867,206
2166,867,19
2167,867,275
2168,868,401
2169,868,105
2170,868,772
2171,868,553
2172,869,582
2173,869,710
2174,870,709
2175,871,272
2176,871,739
2177,871,948
2178,872,761
2179,873,235
2180,874,751
2181,874,29
2182,875,225
2183,875,479
2184,875,23
2185,876,973
2186,876,95
2187,877,282
2188,877,294
2189,878,795
2190,879,166
2191,880,160
2192,880,237
2193,881,836
2194,881,771
2195,882,335
2196,883,517
2197,883,409
2198,883,791
2199,884,975
2200,884,236
2201,884,706
2202,885,422
2203,885,53
2204,886,639
2205,886,824
2206,886,411
2207,886,933
2208,887,116
2209,887,734
2210,888,124
2211,888,404
2212,889,309
2213,889,213
2214,890,388
2215,890,678
2216,891,806
2217,891,132
2218,891,141
2219,891,512
2220,892,83
2221,892,753
2222,893,317
2223,893,397
2224,894,3
2225,895,972
2226,895,506
2227,896,850
2228,896,487
2229,896,582
2230,896,382
2231,897,91
2232,897,491
2233,897,744
2234,898,154
2235,898,317
2236,899,972
2237,899,863
2238,899,194
2239,899,78
2240,900,368
2241,900,140
2242,901,261
2243,901,505
2244,901,341
2245,902,576
2246,902,653
2247,902,25
2248,903,609
2249,903,771
2250,903,691
2251,904,427
2252,904,128
2253,904,951
2254,905,374
2255,905,600
2256,905,751
2257,906,776
2258,906,216
2259,906,108
2260,907,701
2261,908,300
2262,908,519
2263,908,975
2264,909,240
2265,909,796
2266,910,464
2267,910,288
2268,911,412
2269,912,147
2270,912,396
2271,913,628
2272,913,571
2273,913,229
2274,914,610
2275,915,58
2276,915,717
2277,916,699
2278,916,501
2279,916,97
2280,916,7
2281,917,308
2282,917,64
2283,918,592
2284,919,381
2285,919,763
2286,919,61
2287,920,55
2288,920,151
2289,920,860
2290,921,937
2291,921,394
2292,921,383
2293,921,944
2294,922,951
2295,922,499
2296,923,189
2297,923,551
2298,923,655
2299,924,636
2300,924,105
2301,925,678
2302,925,552
2303,925,277
2304,926,753
2305,926,39
2306,926,924
2307,926,707
2308,927,763
2309,927,10
2310,927,413
2311,928,687
2312,928,600
2313,928,535
2314,928,573
2315,929,646
2316,930,4
2317,930,383
2318,930,138
2319,931,715
2320,931,737
2321,932,628
2322,932,235
2323,932,903
2324,933,872
2325,933,425
2326,933,555
2327,934,733
2328,934,443
2329,934,690
2330,934,658
2331,935,65
2332,935,468
2333,935,844
2334,935,262
2335,936,942
2336,937,858
2337,937,502
2338,938,283
2339,939,108
2340,939,273
2341,939,803
2342,939,164
2343,940,378
2344,940,115
2345,940,901
2346,941,823
2347,941,610
2348,941,30
2349,942,498
2350,943,429
2351,943,877
2352,943,479
2353,943,605
2354,944,419
2355,944,969
2356,945,916
2357,946,210
2358,946,160
2359,946,906
2360,947,883
2361,947,207
2362,948,48
2363,948,870
2364,949,246
2365,949,889
2366,949,824
2367,950,424
2368,950,599
2369,950,177
2370,950,966
2371,951,154
2372,951,877
2373,952,948
2374,953,214
2375,954,309
2376,954,439
2377,954,868
2378,955,64
2379,955,701
2380,955,686
2381,956,743
2382,956,365
2383,957,777
2384,957,744
2385,957,228
2386,958,829
2387,959,10
2388,959,961
2389,959,52
2390,960,695
2391,960,782
2392,960,774
2393,961,96
2394,961,317
2395,961,105
2396,962,7
2397,962,329
2398,962,48
2399,963,84
2400,963,852
2401,963,669
2402,963,111
2403,964,283
2404,964,462
2405,965,864
2406,965,225
2407,965,256
2408,965,59
2409,966,738
2410,967,31
2411,967,638
2412,967,580
2413,968,630
2414,969,552
2415,970,607
2416,970,67
2417,970,103
2418,970,290
2419,971,736
2420,972,821
2421,972,37
2422,972,804
2423,973,416
2424,973,174
2425,973,376
2426,973,381
2427,974,918
2428,974,9
2429,974,682
2430,974,728
2431,975,799
2432,975,492
2433,975,301
2434,976,927
2435,976,509
2436,977,741
2437,977,875
2438,977,877
2439,977,115
2440,978,284
2441,978,841
2442,978,332
2443,979,520
2444,979,961
2445,979,877
2446,980,246
2447,980,256
2448,980,919
2449,980,482
2450,981,382
2451,981,134
2452,982,189
2453,983,425
2454,983,730
2455,983,261
2456,984,637
2457,984,676
2458,984,515
2459,984,522
2460,985,6
2461,985,24
2462,985,303
2463,985,399
2464,986,473
2465,987,599
2466,987,551
2467,987,96
2468,988,862
2469,988,873
2470,989,147
2471,990,498
2472,991,422
2473,991,122
2474,991,891
2475,991,198
2476,992,350
2477,993,831
2478,994,398
2479,994,383
2480,994,175
2481,994,953
2482,995,625
2483,995,357
2484,995,570
2485,995,145
2486,996,638
2487,997,441
2488,998,929
2489,998,890
2490,998,308
2491,999,398
2492,1000,952
2493,1000,720
2494,1001,110
2495,1001,419
2496,1001,974
2497,1002,252
2498,1003,678
2499,1004,662
2500,1005,897
2501,1005,369
2502,1006,152
2503,1006,289
2504,1007,569
2505,1007,376
2506,1007,670
2507,1007,168
2508,1008,721
2509,1008,117
2510,1008,928
2511,1009,611
2512,1009,208
2513,1009,720
2514,1010,888
2515,1010,772
2516,1011,312
2517,1011,689
2518,1012,11
2519,1012,562
2520,1012,342
2521,1013,883
2522,1013,662
2523,1014,347
2524,1014,497
2525,1014,828
2526,1014,118
2527,1015,300
2528,1015,334
2529,1015,896
2530,1016,290
2531,1017,867
2532,1017,692
2533,1018,613
2534,1018,835
2535,1018,573
2536,1019,493
2537,1019,215
2538,1020,342
2539,1020,339
2540,1020,759
2541,1020,974
2542,1021,630
2543,1021,699
2544,1022,311
2545,1022,853
2546,1022,838
2547,1023,40
2548,1023,3
2549,1023,827
2550,1024,32
2551,1024,583
2552,1024,381
2553,1025,799
2554,1026,366
2555,1026,40
2556,1026,648
2557,1026,413
2558,1027,543
2559,1027,18
2560,1027,165
2561,1027,402
2562,1028,354
2563,1028,112
2564,1028,612
2565,1029,126
2566,1029,486
2567,1030,640
2568,1030,310
2569,1031,495
2570,1031,354
2571,1031,13
2572,1031,242
2573,1032,376
2574,1032,229
2575,1033,73
2576,1033,620
2577,1033,321
2578,1033,866
2579,1034,848
2580,1034,30
2581,1035,349
2582,1035,65
2583,1035,901
2584,1035,186
2585,1036,221
2586,1037,460
2587,1038,405
2588,1038,353
2589,1038,709
2590,1038,397
2591,1039,958
2592,1039,514
2593,1039,934
2594,1040,248
2595,1040,975
2596,1040,591
2597,1040,405
2598,1041,77
2599,1041,110
2600,1041,300
2601,1041,914
2602,1042,715
2603,1042,77
2604,1042,664
2605,1043,491
2606,1043,347
2607,1044,950
2608,1044,211
2609,1045,129
2610,1045,451
2611,1046,586
2612,1046,154
2613,1046,792
2614,1047,644
2615,1048,548
2616,1048,13
2617,1049,957
2618,1049,120
2619,1050,778
2620,1050,37
2621,1051,540
2622,1052,778
2623,1052,788
2624,1052,685
2625,1052,463
2626,1053,970
2627,1053,61
2628,1053,355
2629,1053,832
2630,1054,653
2631,1054,683
2632,1054,961
2633,1055,908
2634,1055,451
2635,1055,638
2636,1055,62
2637,1056,344
2638,1056,348
2639,1056,707
2640,1056,412
2641,1057,814
2642,1057,553
2643,1058,813
2644,1058,362
2645,1058,69
2646,1058,718
2647,1059,880
2648,1059,762
2649,1059,888
2650,1059,931
2651,1060,922
2652,1061,62
2653,1061,466
2654,1061,622
2655,1062,897
2656,1062,262
2657,1062,913
2658,1062,656
2659,1063,401
2660,1063,266
2661,1064,611
2662,1064,385
2663,1064,766
2664,1064,260
2665,1065,669
2666,1065,497
2667,1066,423
2668,1066,790
2669,1066,962
2670,1066,811
2671,1067,764
2672,1067,436
2673,1067,382
2674,1068,388
2675,1069,194
2676,1069,580
2677,1070,593
2678,1071,964
2679,1072,919
2680,1072,878
2681,1073,8
2682,1073,714
2683,1073,41
2684,1073,712
2685,1074,720
2686,1075,278
2687,1075,889
2688,1075,634
2689,1076,242
2690,1077,50
2691,1077,193
2692,1078,408
2693,1078,169
2694,1078,548
2695,1079,841
2696,1079,211
2697,1080,102
2698,1080,832
2699,1081,274
2700,1082,337
2701,1082,295
2702,1082,911
2703,1082,910
2704,1083,535
2705,1083,789
2706,1083,650
2707,1084,114
2708,1084,887
2709,1084,17
2710,1085,119
2711,1085,355
2712,1086,121
2713,1086,482
2714,1087,224
2715,1087,736
2716,1087,977
2717,1087,89
2718,1088,3
2719,1088,609
2720,1089,198
2721,1089,749
2722,1089,417
2723,1089,764
2724,1090,753
2725,1090,912
2726,1090,935
2727,1090,44
2728,1091,255
2729,1091,258
2730,1091,651
2731,1092,687
2732,1093,930
2733,1093,672
2734,1093,648
2735,1094,696
2736,1094,202
2737,1095,541
2738,1095,819
2739,1095,19
2740,1095,838
2741,1096,145
2742,1096,817
2743,1096,551
2744,1096,482
2745,1097,498
2746,1098,641
2747,1099,814
2748,1099,785
2749,1100,791
2750,1100,109
2751,1100,528
2752,1101,866
2753,1101,318
2754,1101,753
2755,1102,597
2756,1102,843
2757,1102,248
2758,1102,547
2759,1103,854
2760,1104,822
2761,1105,222
2762,1105,597
2763,1105,820
2764,1105,875
2765,1106,279
2766,1106,707
2767,1107,384
2768,1107,227
2769,1107,334
2770,1107,698
2771,1108,206
2772,1108,521
2773,1109,824
2774,1109,487
2775,1109,761
2776,1109,648
2777,1110,217
2778,1111,835
2779,1111,234
2780,1112,760
2781,1113,914
2782,1113,829
2783,1113,242
2784,1114,589
2785,1114,693
2786,1114,429
2787,1114,27
2788,1115,212
2789,1115,44
2790,1116,503
2791,1117,529
2792,1118,897
2793,1118,579
2794,1118,134
2795,1118,148
2796,1119,280
2797,1120,749
2798,1120,195
2799,1120,551
2800,1120,364
2801,1121,180
2802,1121,150
2803,1122,621
2804,1122,543
2805,1123,595
2806,1123,541
2807,1123,340
2808,1124,736
2809,1124,789
2810,1125,280
2811,1125,338
2812,1125,650
2813,1125,800
2814,1126,256
2815,1126,115
2816,1126,177
2817,1126,509
2818,1127,180
2819,1128,874
2820,1128,257
2821,1129,752
2822,1129,610
2823,1130,106
2824,1130,935
2825,1130,171
2826,1131,237
2827,1131,738
2828,1131,596
2829,1131,943
2830,1132,229
2831,1132,258
2832,1132,927
2833,1133,254
2834,1133,552
2835,1133,468
2836,1133,837
2837,1134,232
2838,1135,719
2839,1136,969
2840,1137,889
2841,1137,468
2842,1138,308
2843,1138,59
2844,1138,664
2845,1139,110
2846,1139,393
2847,1139,133
2848,1140,190
2849,1140,82
2850,1141,427
2851,1142,669
2852,1143,337
2853,1143,888
2854,1143,405
2855,1144,549
2856,1144,259
2857,1144,138
2858,1144,4
2859,1145,93
2860,1146,761
2861,1146,362
2862,1146,247
2863,1147,463
2864,1147,731
2865,1147,67
2866,1147,178
2867,1148,619
2868,1148,67
2869,1148,456
2870,1148,491
2871,1149,922
2872,1149,344
2873,1150,141
2874,1150,523
2875,1151,174
2876,1151,590
2877,1151,17
2878,1151,488
2879,1152,334
2880,1152,46
2881,1153,782
2882,1153,547
2883,1154,252
2884,1154,670
2885,1154,950
2886,1154,811
2887,1155,694
2888,1156,820
2889,1156,400
2890,1157,483
2891,1157,780
2892,1157,103
2893,1158,783
2894,1158,954
2895,1159,570
2896,1159,338
2897,1159,520
2898,1160,789
2899,1160,592
2900,1160,10
2901,1160,748
2902,1161,788
2903,1161,61
2904,1161,505
2905,1161,926
2906,1162,416
2907,1162,914
2908,1162,180
2909,1163,298
2910,1163,224
2911,1163,157
2912,1164,958
2913,1164,105
2914,1164,667
2915,1164,225
2916,1165,528
2917,1166,783
2918,1167,857
2919,1167,182
2920,1168,131
2921,1168,521
2922,1169,269
2923,1169,386
2924,1169,442
2925,1170,610
2926,1171,727
2927,1171,128
2928,1171,27
2929,1171,909
2930,1172,427
2931,1172,109
2932,1173,180
2933,1173,141
2934,1174,831
2935,1174,566
2936,1175,884
2937,1175,485
2938,1175,346
2939,1175,743
2940,1176,41
2941,1176,507
2942,1177,595
2943,1177,685
2944,1177,899
2945,1177,499
2946,1178,99
2947,1178,817
2948,1178,599
2949,1178,154
2950,1179,240
2951,1179,609
2952,1179,797
2953,1180,323
2954,1180,507
2955,1181,924
2956,1181,589
2957,1182,755
2958,1183,571
2959,1183,251
2960,1183,976
2961,1184,871
2962,1184,967
2963,1184,804
2964,1184,312
2965,1185,70
2966,1185,475
2967,1185,76
2968,1186,164
2969,1186,362
2970,1186,600
2971,1187,384
2972,1187,645
2973,1187,256
2974,1188,959
2975,1189,240
2976,1189,792
2977,1190,79
2978,1190,859
2979,1190,125
2980,1190,946
2981,1191,123
2982,1191,305
2983,1191,78
2984,1191,63
2985,1192,762
2986,1192,425
2987,1193,730
2988,1193,645
2989,1193,708
2990,1194,172
2991,1194,728
2992,1194,574
2993,1195,686
2994,1195,443
2995,1195,954
2996,1196,853
2997,1196,619
2998,1196,699
2999,1196,683
3000,1197,237
3001,1197,870
3002,1197,684
3003,1198,539
3004,1198,142
3005,1199,544
3006,1199,21
3007,1199,662
3008,1200,536
3009,1200,228
3010,1201,16
3011,1201,198
3012,1202,377
3013,1202,841
3014,1203,5
3015,1203,21
3016,1204,69
3017,1204,314
3018,1204,112
3019,1205,77
3020,1205,378
3021,1206,865
3022,1206,149
3023,1206,293
3024,1207,28
3025,1207,648
3026,1208,846
3027,1209,40
3028,1209,168
3029,1209,732
3030,1210,116
3031,1210,562
3032,1210,638
3033,1211,962
3034,1211,12
3035,1211,243
3036,1212,23
3037,1212,422
3038,1213,257
3039,1213,365
3040,1214,388
3041,1214,949
3042,1214,388
3043,1215,473
3044,1215,283
3045,1216,823
3046,1216,863
3047,1217,288
3048,1217,243
3049,1217,187
3050,1217,698
3051,1218,570
3052,1218,706
3053,1218,166
3054,1218,786
3055,1219,458
3056,1219,965
3057,1219,701
3058,1219,290
3059,1220,309
3060,1221,814
3061,1221,300
3062,1221,396
3063,1222,598
3064,1223,655
3065,1224,214
3066,1224,481
3067,1224,71
3068,1225,287
3069,1226,191
3070,1227,766
3071,1227,401
3072,1227,712
3073,1227,146
3074,1228,38
3075,1228,961
3076,1228,583
3077,1229,319
3078,1229,591
3079,1229,165
3080,1230,432
3081,1231,366
3082,1232,58
3083,1232,24
3084,1233,320
3085,1233,211
3086,1233,90
3087,1234,492
3088,1234,574
3089,1235,218
3090,1236,180
3091,1237,547
3092,1237,224
3093,1238,979
3094,1238,73
3095,1238,90
3096,1239,287
3097,1240,164
3098,1241,221
3099,1241,550
3100,1241,952
3101,1241,506
3102,1242,923
3103,1242,593
3104,1243,324
3105,1243,887
3106,1243,805
3107,1243,396
3108,1244,855
3109,1245,218
3110,1245,120
3111,1245,408
3112,1245,431
3113,1246,376
3114,1247,60
3115,1247,136
3116,1247,800
3117,1248,94
3118,1248,41
3119,1248,790
3120,1249,718
3121,1250,891
3122,1250,422
3123,1250,800
3124,1251,85
3125,1251,810
3126,1252,143
3127,1253,856
3128,1253,766
3129,1253,795
3130,1253,22
3131,1254,680
3132,1255,777
3133,1255,373
3134,1256,443
3135,1256,150
3136,1257,78
3137,1257,759
3138,1258,339
3139,1258,95
3140,1259,196
3141,1260,508
3142,1260,954
3143,1261,671
3144,1262,507
3145,1262,670
3146,1263,894
3147,1264,362
3148,1264,89
3149,1264,454
3150,1265,873
3151,1265,610
3152,1265,960
3153,1265,807
3154,1266,518
3155,1266,522
3156,1267,1
3157,1268,854
3158,1268,837
3159,1268,355
3160,1268,504
3161,1269,893
3162,1269,820
3163,1270,123
3164,1270,797
3165,1270,406
3166,1271,22
3167,1271,779
3168,1271,709
3169,1272,579
3170,1272,592
3171,1272,864
3172,1273,615
3173,1273,827
3174,1274,804
3175,1275,759
3176,1275,113
3177,1275,89
3178,1276,944
3179,1276,457
3180,1277,452
3181,1277,344
3182,1277,634
3183,1277,607
3184,1278,501
3185,1278,146
3186,1279,229
3187,1280,979
3188,1280,674
3189,1280,716
3190,1281,762
3191,1281,633
3192,1281,527
3193,1282,475
3194,1282,822
3195,1282,693
3196,1282,107
3197,1283,128
3198,1283,411
3199,1283,720
3200,1283,694
3201,1284,126
3202,1284,592
3203,1284,734
3204,1284,601
3205,1285,736
3206,1285,630
3207,1286,624
3208,1286,268
3209,1287,15
3210,1287,244
3211,1288,725
3212,1288,329
3213,1288,675
3214,1289,373
3215,1290,791
3216,1290,17
3217,1290,932
3218,1291,206
3219,1292,25
3220,1292,939
3221,1292,34
3222,1292,37
3223,1293,44
3224,1294,468
3225,1294,900
3226,1295,594
3227,1296,662
3228,1297,477
3229,1298,671
3230,1298,654
3231,1298,415
3232,1298,723
3233,1299,443
3234,1299,666
3235,1299,75
3236,1300,732
3237,1301,87
3238,1301,192
3239,1301,587
3240,1302,365
3241,1302,577
3242,1302,800
3243,1303,911
3244,1303,7
3245,1304,464
3246,1305,733
3247,1305,490
3248,1305,929
3249,1306,731
3250,1306,544
3251,1306,480
3252,1306,190
3253,1307,952
3254,1307,913
3255,1308,477
3256,1308,845
3257,1308,899
3258,1308,106
3259,1309,361
3260,1309,260
3261,1309,527
3262,1309,678
3263,1310,6
3264,1311,760
3265,1311,950
3266,1312,376
3267,1312,25
3268,1312,446
3269,1313,372
3270,1314,128
3271,1314,773
3272,1315,802
3273,1315,216
3274,1315,338
3275,1315,837
3276,1316,822
3277,1316,956
3278,1317,818
3279,1317,545
3280,1317,169
3281,1317,17
3282,1318,598
3283,1318,387
3284,1318,403
3285,1319,524
3286,1319,401
3287,1319,884
3288,1320,371
3289,1320,533
3290,1320,732
3291,1321,101
3292,1322,823
3293,1322,589
3294,1323,312
3295,1324,769
3296,1324,876
3297,1325,323
3298,1325,347
3299,1326,974
3300,1326,280
3301,1326,179
3302,1327,29
3303,1327,519
3304,1328,618
3305,1328,426
3306,1328,333
3307,1328,653
3308,1329,417
3309,1330,327
3310,1330,224
3311,1330,222
3312,1330,482
3313,1331,974
3314,1331,519
3315,1331,419
3316,1331,512
3317,1332,979
3318,1332,802
3319,1332,346
3320,1333,893
3321,1333,294
3322,1334,19
3323,1335,280
3324,1335,172
3325,1335,887
3326,1336,182
3327,1336,41
3328,1337,15
3329,1337,324
3330,1337,134
3331,1337,768
3332,1338,883
3333,1338,107
3334,1339,821
3335,1339,570
3336,1339,352
3337,1340,642
3338,1340,838
3339,1340,430
3340,1340,6
3341,1341,73
3342,1341,567
3343,1341,83
3344,1341,765
3345,1342,64
3346,1342,417
3347,1342,529
3348,1343,318
3349,1343,916
3350,1344,630
3351,1344,663
3352,1344,12
3353,1344,880
3354,1345,389
3355,1345,407
3356,1345,269
3357,1345,686
3358,1346,199
3359,1346,147
3360,1346,390
3361,1346,764
3362,1347,957
3363,1348,452
3364,1349,679
3365,1349,892
3366,1349,271
3367,1349,976
3368,1350,642
3369,1350,677
3370,1350,387
3371,1351,459
3372,1351,93
3373,1352,846
3374,1352,617
3375,1352,850
3376,1352,192
3377,1353,913
3378,1354,911
3379,1355,93
3380,1355,831
3381,1356,800
3382,1356,439
3383,1356,662
3384,1356,74
3385,1357,52
3386,1357,550
3387,1357,246
3388,1358,118
3389,1359,749
3390,1359,630
3391,1359,904
3392,1360,254
3393,1360,618
3394,1360,317
3395,1361,646
3396,1361,278
3397,1361,233
3398,1361,545
3399,1362,877
3400,1363,20
3401,1363,516
3402,1364,513
3403,1364,810
3404,1364,524
3405,1364,736
3406,1365,79
3407,1365,17
3408,1365,945
3409,1366,112
3410,1366,170
3411,1366,666
3412,1367,773
3413,1368,782
3414,1368,644
3415,1369,60
3416,1369,212
3417,1369,721
3418,1370,849
3419,1370,329
3420,1370,22
3421,1370,399
3422,1371,185
3423,1371,656
3424,1371,660
3425,1372,963
3426,1372,849
3427,1373,272
3428,1373,216
3429,1373,844
3430,1373,666
3431,1374,144
3432,1374,735
3433,1374,936
3434,1374,249
3435,1375,294
3436,1375,337
3437,1375,289
3438,1375,464
3439,1376,819
3440,1376,851
3441,1376,179
3442,1377,463
3443,1378,408
3444,1378,156
3445,1379,497
3446,1379,911
3447,1380,509
3448,1381,810
3449,1381,785
3450,1381,695
3451,1381,608
3452,1382,178
3453,1382,629
3454,1383,787
3455,1383,163
3456,1383,853
3457,1384,954
3458,1384,872
3459,1385,588
3460,1385,523
3461,1385,430
3462,1385,56
3463,1386,313
3464,1386,566
3465,1386,542
3466,1386,586
3467,1387,883
3468,1387,736
3469,1388,131
3470,1389,583
3471,1389,302
3472,1389,280
3473,1390,449
3474,1391,77
3475,1392,687
3476,1392,493
3477,1392,806
3478,1393,908
3479,1394,543
3480,1395,529
3481,1395,722
3482,1395,254
3483,1396,565
3484,1396,600
3485,1397,415
3486,1397,881
3487,1397,777
3488,1397,451
3489,1398,627
3490,1398,247
3491,1398,605
3492,1399,918
3493,1399,443
3494,1400,744
3495,1400,191
3496,1400,158
3497,1400,686
3498,1401,166
3499,1401,210
3500,1402,744
3501,1402,679
3502,1402,838
3503,1403,761
3504,1403,829
3505,1404,874
3506,1405,598
3507,1405,545
3508,1405,525
3509,1406,174
3510,1406,522
3511,1406,399
3512,1406,125
3513,1407,760
3514,1407,292
3515,1407,314
3516,1407,241
3517,1408,820
3518,1408,866
3519,1409,502
3520,1409,126
3521,1409,253
3522,1410,108
3523,1411,877
3524,1411,200
3525,1411,438
3526,1411,688
3527,1412,940
3528,1412,59
3529,1413,564
3530,1414,689
3531,1414,187
3532,1414,281
3533,1415,789
3534,1415,460
3535,1415,744
3536,1416,300
3537,1416,380
3538,1417,268
3539,1417,746
3540,1417,218
3541,1418,291
3542,1419,933
3543,1419,74
3544,1419,441
3545,1419,674
3546,1420,369
3547,1421,107
3548,1421,685
3549,1421,408
3550,1422,740
3551,1423,972
3552,1423,210
3553,1424,139
3554,1424,742
3555,1425,794
3556,1425,337
3557,1425,760
3558,1426,850
3559,1426,434
3560,1426,750
3561,1427,591
3562,1427,683
3563,1427,150
3564,1428,117
3565,1428,934
3566,1429,480
3567,1430,632
3568,1430,950
3569,1430,16
3570,1431,532
3571,1431,817
3572,1431,726
3573,1431,159
3574,1432,576
3575,1433,418
3576,1433,848
3577,1434,509
3578,1434,907
3579,1434,22
3580,1435,755
3581,1436,785
3582,1436,846
3583,1436,131
3584,1437,412
3585,1437,747
3586,1437,203
3587,1438,12
3588,1439,404
3589,1440,871
3590,1440,388
3591,1440,958
3592,1441,28
3593,1441,491
3594,1442,930
3595,1442,791
3596,1443,901
3597,1443,211
3598,1443,379
3599,1444,599
3600,1445,223
3601,1445,347
3602,1445,926
3603,1446,630
3604,1446,743
3605,1447,318
3606,1447,882
3607,1448,62
3608,1448,948
3609,1448,200
3610,1448,145
3611,1449,156
3612,1450,862
3613,1450,317
3614,1451,381
3615,1452,552
3616,1452,394
3617,1452,205
3618,1452,157
3619,1453,211
3620,1454,396
3621,1454,138
3622,1454,77
3623,1454,231
3624,1455,875
3625,1455,715
3626,1456,86
3627,1456,394
3628,1457,417
3629,1457,197
3630,1457,578
3631,1457,202
3632,1458,640
3633,1458,444
3634,1458,541
3635,1458,449
3636,1459,912
3637,1459,579
3638,1459,951
3639,1459,55
3640,1460,542
3641,1461,800
3642,1462,180
3643,1462,612
3644,1462,870
3645,1463,185
3646,1463,378
3647,1464,230
3648,1464,423
3649,1465,591
3650,1466,248
3651,1466,259
3652,1466,574
3653,1466,356
3654,1467,261
3655,1468,353
3656,1468,785
3657,1469,607
3658,1469,629
3659,1469,500
3660,1469,827
3661,1470,77
3662,1471,778
3663,1471,169
3664,1472,320
3665,1472,567
3666,1472,71
3667,1473,847
3668,1473,399
3669,1473,392
3670,1474,117
3671,1475,807
3672,1475,931
3673,1475,705
3674,1475,377
3675,1476,808
3676,1477,669
3677,1478,470
3678,1478,407
3679,1479,554
3680,1479,758
3681,1479,620
3682,1479,416
3683,1480,291
3684,1481,696
3685,1482,427
3686,1482,311
3687,1482,7
3688,1482,652
3689,1483,823
3690,1483,968
3691,1483,118
3692,1483,4
3693,1484,913
3694,1484,790
3695,1484,447
3696,1484,28
3697,1485,339
3698,1485,857
3699,1485,405
3700,1486,356
3701,1486,741
3702,1486,252
3703,1487,564
3704,1487,538
3705,1488,769
3706,1488,742
3707,1489,300
3708,1490,416
3709,1490,775
3710,1490,57
3711,1490,793
3712,1491,29
3713,1492,18
3714,1493,113
3715,1494,506
3716,1495,256
3717,1495,45
3718,1495,285
3719,1495,49
3720,1496,15
3721,1497,316
3722,1498,915
3723,1498,66
3724,1498,596
3725,1498,648
3726,1499,834
3727,1499,316
3728,1499,527
3729,1499,762
3730,1500,390
3731,1500,298
3732,1500,474
3733,1501,629
3734,1501,776
3735,1501,623
3736,1502,93
3737,1502,661
3738,1503,192
3739,1503,485
3740,1503,319
3741,1503,791
3742,1504,811
3743,1505,360
3744,1505,577
3745,1506,192
3746,1506,693
3747,1506,648
3748,1507,95
3749,1507,510
3750,1507,306
3751,1508,475
3752,1508,212
3753,1508,613
3754,1508,278
3755,1509,553
3756,1509,461
3757,1509,622
3758,1509,796
3759,1510,747
3760,1510,355
3761,1510,916
3762,1510,594
3763,1511,714
3764,1511,204
3765,1512,579
3766,1512,681
3767,1512,282
3768,1512,625
3769,1513,427
3770,1514,856
3771,1515,298
3772,1515,321
3773,1515,240
3774,1515,536
3775,1516,883
3776,1517,733
3777,1517,544
3778,1517,531
3779,1518,813
3780,1519,680
3781,1519,463
3782,1519,172
3783,1519,266
3784,1520,135
3785,1520,545
3786,1520,924
3787,1520,357
3788,1521,449
3789,1521,437
3790,1521,412
3791,1521,268
3792,1522,357
3793,1522,97
3794,1523,602
3795,1524,261
3796,1525,288
3797,1525,310
3798,1525,150
3799,1526,393
3800,1526,179
3801,1526,756
3802,1527,300
3803,1528,201
3804,1529,104
3805,1529,267
3806,1529,651
3807,1530,441
3808,1530,649
3809,1531,140
3810,1531,270
3811,1531,166
3812,1532,350
3813,1532,739
3814,1533,958
3815,1533,332
3816,1533,104
3817,1534,188
3818,1534,934
3819,1535,66
3820,1535,315
3821,1535,137
3822,1535,153
3823,1536,627
3824,1536,298
3825,1536,249
3826,1536,392
3827,1537,833
3828,1537,914
3829,1537,968
3830,1537,461
3831,1538,385
3832,1539,809
3833,1540,930
3834,1540,975
3835,1541,406
3836,1541,349
3837,1542,306
3838,1542,293
3839,1543,622
3840,1543,258
3841,1543,567
3842,1544,687
3843,1544,188
3844,1544,538
3845,1545,322
3846,1545,537
3847,1545,364
3848,1545,698
3849,1546,687
3850,1547,22
3851,1547,738
3852,1547,516
3853,1548,193
3854,1548,636
3855,1548,469
3856,1548,499
3857,1549,731
3858,1549,747
3859,1550,616
3860,1550,844
3861,1550,435
3862,1551,456
3863,1551,439
3864,1551,431
3865,1552,273
3866,1552,272
3867,1553,591
3868,1553,395
3869,1553,518
3870,1553,82
3871,1554,403
3872,1555,516
3873,1555,961
3874,1556,287
3875,1556,385
3876,1556,591
3877,1556,43
3878,1557,926
3879,1557,845
3880,1558,104
3881,1558,79
3882,1559,502
3883,1559,918
3884,1559,276
3885,1559,171
3886,1560,475
3887,1560,954
3888,1560,503
3889,1560,645
3890,1561,544
3891,1561,406
3892,1562,329
3893,1562,932
3894,1563,604
3895,1564,671
3896,1564,819
3897,1564,910
3898,1564,618
3899,1565,185
3900,1565,675
3901,1565,484
3902,1565,361
3903,1566,326
3904,1566,777
3905,1566,848
3906,1566,700
3907,1567,283
3908,1567,236
3909,1567,760
3910,1568,853
3911,1568,296
3912,1568,265
3913,1569,40
3914,1570,844
3915,1570,764
3916,1570,666
3917,1570,499
3918,1571,635
3919,1572,773
3920,1572,724
3921,1572,629
3922,1572,383
3923,1573,835
3924,1574,420
3925,1574,61
3926,1574,934
3927,1575,12
3928,1575,448
3929,1576,780
3930,1576,660
3931,1576,446
3932,1577,484
3933,1577,375
3934,1578,158
3935,1578,487
3936,1578,567
3937,1578,402
3938,1579,226
3939,1579,102
3940,1579,285
3941,1579,903
3942,1580,445
3943,1580,239
3944,1581,571
3945,1581,65
3946,1582,408
3947,1582,916
3948,1582,951
3949,1583,742
3950,1584,523
3951,1584,868
3952,1585,729
3953,1586,190
3954,1586,934
3955,1586,251
3956,1587,535
3957,1588,766
3958,1588,939
3959,1588,129
3960,1589,813
3961,1589,384
3962,1589,880
3963,1589,570
3964,1590,256
3965,1590,486
3966,1591,471
3967,1591,979
3968,1592,58
3969,1592,331
3970,1592,93
3971,1592,285
3972,1593,202
3973,1594,648
3974,1594,183
3975,1594,591
3976,1595,713
3977,1596,838
3978,1596,338
3979,1596,524
3980,1596,534
3981,1597,110
3982,1597,300
3983,1598,839
3984,1598,79
3985,1598,177
3986,1598,259
3987,1599,502
3988,1599,816
3989,1599,576
3990,1599,939
3991,1600,48
3992,1600,378
3993,1600,331
3994,1600,5
3995,1601,700
3996,1601,614
3997,1601,437
3998,1601,732
3999,1602,333
4000,1602,30
4001,1602,926
4002,1603,243
4003,1603,639
4004,1603,851
4005,1604,209
4006,1604,283
4007,1604,204
4008,1605,21
4009,1605,438
4010,1606,78
4011,1606,27
4012,1606,709
4013,1607,523
4014,1607,481
4015,1607,720
4016,1608,101
4017,1608,345
4018,1608,801
4019,1608,393
4020,1609,808
4021,1609,285
4022,1609,117
4023,1610,510
4024,1610,294
4025,1611,540
4026,1611,392
4027,1611,88
4028,1611,221
4029,1612,934
4030,1613,965
4031,1613,407
4032,1614,867
4033,1614,878
4034,1615,52
4035,1615,800
4036,1615,111
4037,1616,579
4038,1616,663
4039,1617,174
4040,1617,645
4041,1617,872
4042,1617,802
4043,1618,220
4044,1618,472
4045,1618,900
4046,1618,439
4047,1619,533
4048,1619,836
4049,1619,237
4050,1620,17
4051,1621,276
4052,1622,847
4053,1622,216
4054,1622,845
4055,1623,464
4056,1623,597
4057,1624,902
4058,1624,164
4059,1624,478
4060,1625,624
4061,1625,579
4062,1626,476
4063,1627,308
4064,1627,533
4065,1627,772
4066,1627,349
4067,1628,923
4068,1629,877
4069,1629,137
4070,1629,976
4071,1629,214
4072,1630,788
4073,1630,171
4074,1630,251
4075,1631,49
4076,1631,403
4077,1631,759
4078,1631,866
4079,1632,7
4080,1632,65
4081,1632,21
4082,1633,539
4083,1633,367
4084,1633,834
4085,1634,760
4086,1634,905
4087,1635,921
4088,1635,397
4089,1636,926
4090,1636,894
4091,1636,417
4092,1636,529
4093,1637,475
4094,1638,411
4095,1639,518
4096,1639,8
4097,1639,137
4098,1640,329
4099,1640,203
4100,1640,534
4101,1641,449
4102,1641,173
4103,1642,772
4104,1642,338
4105,1643,652
4106,1643,130
4107,1643,501
4108,1644,463
4109,1644,977
4110,1644,143
4111,1644,18
4112,1645,665
4113,1646,871
4114,1646,248
4115,1647,804
4116,1647,534
4117,1647,399
4118,1647,75
4119,1648,813
4120,1648,399
4121,1649,963
4122,1649,927
4123,1649,638
4124,1650,270
4125,1650,169
4126,1650,605
4127,1651,657
4128,1651,455
4129,1651,25
4130,1652,867
4131,1652,792
4132,1653,962
4133,1653,397
4134,1654,321
4135,1654,349
4136,1654,949
4137,1655,776
4138,1655,206
4139,1655,850
4140,1656,150
4141,1656,326
4142,1656,275
4143,1656,84
4144,1657,314
4145,1658,249
4146,1658,498
4147,1658,747
4148,1658,576
4149,1659,635
4150,1659,512
4151,1659,480
4152,1659,123
4153,1660,301
4154,1660,419
4155,1660,925
4156,1661,423
4157,1662,471
4158,1662,565
4159,1662,883
4160,1662,939
4161,1663,77
4162,1663,131
4163,1663,822
4164,1663,669
4165,1664,32
4166,1665,673
4167,1665,94
4168,1665,488
4169,1666,680
4170,1666,210
4171,1666,848
4172,1667,396
4173,1667,360
4174,1667,518
4175,1668,536
4176,1668,863
4177,1668,677
4178,1668,946
4179,1669,246
4180,1669,66
4181,1669,120
4182,1670,492
4183,1670,820
4184,1671,841
4185,1672,336
4186,1672,407
4187,1672,459
4188,1672,752
4189,1673,946
4190,1673,609
4191,1673,220
4192,1674,589
4193,1674,89
4194,1674,586
4195,1674,178
4196,1675,933
4197,1676,636
4198,1677,272
4199,1677,694
4200,1677,560
4201,1677,73
4202,1678,1
4203,1678,524
4204,1678,550
4205,1679,878
4206,1680,452
4207,1681,974
4208,1682,30
4209,1683,725
4210,1683,865
4211,1683,249
4212,1683,165
4213,1684,506
4214,1684,261
4215,1684,970
4216,1685,848
4217,1685,560
4218,1686,851
4219,1686,405
4220,1686,300
4221,1686,112
4222,1687,94
4223,1687,155
4224,1687,155
4225,1687,522
4226,1688,673
4227,1689,693
4228,1689,389
4229,1689,168
4230,1689,121
4231,1690,411
4232,1690,5
4233,1690,737
4234,1690,280
4235,1691,799
4236,1692,767
4237,1692,512
4238,1692,786
4239,1693,408
4240,1694,383
4241,1694,979
4242,1694,583
4243,1694,711
4244,1695,795
4245,1696,336
4246,1696,344
4247,1696,118
4248,1696,926
4249,1697,9
4250,1697,512
4251,1697,182
4252,1697,265
4253,1698,352
4254,1698,524
4255,1699,15
4256,1700,30
4257,1700,728
4258,1700,338
4259,1700,935
4260,1701,864
4261,1701,397
4262,1701,540
4263,1701,780
4264,1702,618
4265,1702,520
4266,1702,533
4267,1702,476
4268,1703,643
4269,1703,688
4270,1703,898
4271,1704,160
4272,1705,373
4273,1705,47
4274,1706,322
4275,1706,627
4276,1706,892
4277,1707,702
4278,1708,7
4279,1708,529
4280,1708,861
4281,1708,335
4282,1709,753
4283,1710,175
4284,1710,38
4285,1710,339
4286,1710,421
4287,1711,408
4288,1711,813
4289,1711,500
4290,1712,80
4291,1713,876
4292,1713,509
4293,1713,773
4294,1713,923
4295,1714,219
4296,1714,120
4297,1715,146
4298,1716,184
4299,1717,458
4300,1717,177
4301,1717,639
4302,1717,453
4303,1718,172
4304,1719,10
4305,1720,971
4306,1720,272
4307,1721,520
4308,1721,421
4309,1721,710
4310,1722,245
4311,1722,910
4312,1722,779
4313,1722,81
4314,1723,509
4315,1723,890
4316,1723,517
4317,1724,467
4318,1724,6
4319,1724,384
4320,1725,90
4321,1725,596
4322,1726,391
4323,1726,759
4324,1726,847
4325,1727,589
4326,1728,786
4327,1728,749
4328,1729,215
4329,1729,205
4330,1730,272
4331,1730,801
4332,1730,479
4333,1731,533
4334,1731,771
4335,1731,44
4336,1732,207
4337,1733,384
4338,1733,97
4339,1733,404
4340,1733,560
4341,1734,66
4342,1734,51
4343,1734,91
4344,1734,537
4345,1735,264
4346,1735,935
4347,1735,286
4348,1735,642
4349,1736,26
4350,1736,396
4351,1736,551
4352,1737,703
4353,1737,613
4354,1737,389
4355,1737,689
4356,1738,845
4357,1738,717
4358,1738,481
4359,1739,839
4360,1739,227
4361,1739,319
4362,1739,405
4363,1740,212
4364,1740,356
4365,1740,332
4366,1740,880
4367,1741,382
4368,1741,494
4369,1741,636
4370,1742,793
4371,1742,153
4372,1742,841
4373,1743,129
4374,1743,426
4375,1744,390
4376,1744,325
4377,1744,77
4378,1744,173
4379,1745,662
4380,1745,791
4381,1745,75
4382,1746,768
4383,1746,50
4384,1747,585
4385,1747,36
4386,1748,553
4387,1748,187
4388,1749,520
4389,1749,788
4390,1749,213
4391,1749,606
4392,1750,597
4393,1750,37
4394,1750,201
4395,1750,85
4396,1751,564
4397,1751,854
4398,1751,208
4399,1751,928
4400,1752,517
4401,1752,118
4402,1752,360
4403,1752,768
4404,1753,393
4405,1754,937
4406,1755,681
4407,1755,187
4408,1755,320
4409,1756,754
4410,1757,585
4411,1757,102
4412,1757,47
4413,1758,492
4414,1758,425
4415,1758,91
4416,1759,882
4417,1760,352
4418,1760,171
4419,1760,750
4420,1761,173
4421,1761,99
4422,1762,720
4423,1762,355
4424,1763,654
4425,1764,543
4426,1764,834
4427,1764,298
4428,1765,888
4429,1766,787
4430,1766,237
4431,1767,80
4432,1768,902
4433,1768,13
4434,1768,866
4435,1768,461
4436,1769,56
4437,1770,837
4438,1770,167
4439,1771,107
4440,1771,588
4441,1771,277
4442,1771,58
4443,1772,506
4444,1772,548
4445,1772,126
4446,1773,938
4447,1773,614
4448,1774,658
4449,1774,690
4450,1774,133
4451,1774,402
4452,1775,747
4453,1775,882
4454,1775,255
4455,1776,377
4456,1776,428
4457,1776,815
4458,1777,622
4459,1777,181
4460,1777,894
4461,1778,701
4462,1778,139
4463,1778,807
4464,1778,57
4465,1779,952
4466,1779,895
4467,1779,735
4468,1780,277
4469,1780,331
4470,1780,97
4471,1781,160
4472,1781,807
4473,1782,638
4474,1783,589
4475,1783,263
4476,1783,489
4477,1783,930
4478,1784,210
4479,1784,829
4480,1784,279
4481,1785,719
4482,1785,548
4483,1785,681
4484,1786,681
4485,1786,43
4486,1786,223
4487,1786,527
4488,1787,795
4489,1787,306
4490,1787,814
4491,1788,871
4492,1788,243
4493,1789,369
4494,1790,757
4495,1790,913
4496,1790,45
4497,1790,277
4498,1791,31
4499,1791,564
4500,1792,476
4501,1792,833
4502,1793,900
4503,1793,921
4504,1793,381
4505,1794,831
4506,1794,267
4507,1794,254
4508,1794,538
4509,1795,228
4510,1795,853
4511,1795,938
4512,1796,128
4513,1796,610
4514,1796,217
4515,1797,2
4516,1798,896
4517,1798,462
4518,1799,265
4519,1799,243
4520,1799,767
4521,1800,777
4522,1800,107
4523,1801,624
4524,1801,257
4525,1801,735
4526,1802,39
4527,1802,297
4528,1802,855
4529,1803,87
4530,1803,646
4531,1803,633
4532,1803,651
4533,1804,18
4534,1804,188
4535,1805,223
4536,1806,23
4537,1806,408
4538,1806,245
4539,1807,531
4540,1807,358
4541,1808,95
4542,1808,598
4543,1808,404
4544,1809,403
4545,1810,51
4546,1810,323
4547,1811,360
4548,1811,390
4549,1812,507
4550,1812,280
4551,1812,796
4552,1813,657
4553,1813,50
4554,1813,380
4555,1814,852
4556,1815,288
4557,1816,193
4558,1816,266
4559,1816,388
4560,1817,768
4561,1817,161
4562,1817,914
4563,1818,686
4564,1818,411
4565,1818,261
4566,1819,725
4567,1819,204
4568,1819,880
4569,1820,571
4570,1821,810
4571,1822,960
4572,1823,309
4573,1823,329
4574,1824,112
4575,1824,150
4576,1824,448
4577,1825,236
4578,1826,278
4579,1826,412
4580,1826,173
4581,1827,107
4582,1827,541
4583,1827,405
4584,1827,390
4585,1828,589
4586,1828,743
4587,1828,420
4588,1828,938
4589,1829,896
4590,1829,956
4591,1829,150
4592,1829,691
4593,1830,561
4594,1830,182
4595,1830,326
4596,1830,385
4597,1831,621
4598,1832,952
4599,1833,147
4600,1833,750
4601,1834,628
4602,1834,536
4603,1835,165
4604,1836,51
4605,1837,554
4606,1837,372
4607,1837,108
4608,1838,165
4609,1839,515
4610,1840,795
4611,1840,557
4612,1840,896
4613,1840,776
4614,1841,912
4615,1841,163
4616,1841,751
4617,1841,644
4618,1842,99
4619,1842,771
4620,1842,525
4621,1843,587
4622,1843,320
4623,1843,936
4624,1844,338
4625,1844,810
4626,1844,71
4627,1845,811
4628,1845,497
4629,1846,169
4630,1846,633
4631,1846,341
4632,1846,949
4633,1847,681
4634,1847,119
4635,1848,442
4636,1848,820
4637,1848,376
4638,1848,258
4639,1849,826
4640,1849,76
4641,1849,805
4642,1849,304
4643,1850,324
4644,1850,81
4645,1850,827
4646,1850,570
4647,1851,958
4648,1851,222
4649,1851,80
4650,1851,388
4651,1852,839
4652,1852,8
4653,1853,408
4654,1853,415
4655,1853,902
4656,1853,440
4657,1854,476
4658,1854,257
4659,1855,721
4660,1856,749
4661,1856,406
4662,1856,609
4663,1856,394
4664,1857,621
4665,1857,351
4666,1858,544
4667,1858,592
4668,1858,451
4669,1859,487
4670,1859,309
4671,1859,477
4672,1860,735
4673,1860,599
4674,1861,516
4675,1861,145
4676,1861,705
4677,1861,132
4678,1862,400
4679,1862,200
4680,1863,258
4681,1863,682
4682,1863,570
4683,1863,384
4684,1864,150
4685,1864,979
4686,1865,395
4687,1865,276
4688,1865,201
4689,1866,740
4690,1866,884
4691,1867,392
4692,1867,232
4693,1867,543
4694,1868,410
4695,1868,677
4696,1868,473
4697,1868,773
4698,1869,372
4699,1870,28
4700,1870,598
4701,1871,814
4702,1871,490
4703,1871,465
4704,1871,664
4705,1872,966
4706,1872,445
4707,1872,151
4708,1873,599
4709,1874,73
4710,1874,802
4711,1874,644
4712,1875,397
4713,1875,68
4714,1875,116
4715,1875,338
4716,1876,206
4717,1876,897
4718,1876,511
4719,1876,204
4720,1877,389
4721,1877,651
4722,1877,587
4723,1878,955
4724,1878,177
4725,1879,858
4726,1880,774
4727,1880,905
4728,1881,396
4729,1881,434
4730,1881,12
4731,1882,643
4732,1882,73
4733,1882,238
4734,1882,963
4735,1883,260
4736,1883,237
4737,1884,301
4738,1885,278
4739,1885,750
4740,1885,514
4741,1886,704
4742,1886,451
4743,1887,7
4744,1887,256
4745,1888,283
4746,1888,808
4747,1888,101
4748,1888,454
4749,1889,401
4750,1889,590
4751,1890,478
4752,1890,724
4753,1891,771
4754,1891,344
4755,1891,128
4756,1892,571
4757,1892,748
4758,1892,706
4759,1893,147
4760,1894,202
4761,1894,124
4762,1895,231
4763,1895,466
4764,1895,436
4765,1895,507
4766,1896,35
4767,1896,156
4768,1896,318
4769,1896,69
4770,1897,681
4771,1897,895
4772,1898,968
4773,1899,602
4774,1899,18
4775,1899,908
4776,1899,291
4777,1900,412
4778,1900,619
4779,1900,39
4780,1901,440
4781,1901,512
4782,1902,213
4783,1902,237
4784,1902,695
4785,1902,406
4786,1903,544
4787,1903,286
4788,1904,447
4789,1905,21
4790,1905,806
4791,1906,644
4792,1907,694
4793,1907,874
4794,1907,905
4795,1908,241
4796,1908,759
4797,1909,401
4798,1909,802
4799,1909,323
4800,1909,492
4801,1910,429
4802,1910,316
4803,1910,467
4804,1910,923
4805,1911,140
4806,1911,26
4807,1911,164
4808,1912,734
4809,1913,163
4810,1913,761
4811,1914,979
4812,1914,129
4813,1914,55
4814,1915,325
4815,1916,666
4816,1916,592
4817,1917,787
4818,1917,279
4819,1918,871
4820,1918,700
4821,1918,572
4822,1919,236
4823,1920,887
4824,1920,710
4825,1920,199
4826,1921,886
4827,1922,712
4828,1923,581
4829,1924,551
4830,1925,928
4831,1925,979
4832,1925,225
4833,1925,78
4834,1926,288
4835,1926,727
4836,1927,942
4837,1927,54
4838,1927,116
4839,1927,930
4840,1928,129
4841,1928,695
4842,1928,240
4843,1928,405
4844,1929,937
4845,1929,116
4846,1929,719
4847,1929,370
4848,1930,470
4849,1930,687
4850,1930,937
4851,1931,568
4852,1931,336
4853,1931,624
4854,1931,595
4855,1932,508
4856,1932,247
4857,1933,225
4858,1933,266
4859,1933,23
4860,1934,472
4861,1934,231
4862,1935,168
4863,1935,786
4864,1935,113
4865,1936,856
4866,1936,731
4867,1936,96
4868,1937,317
4869,1937,833
4870,1937,271
4871,1938,332
4872,1938,59
4873,1938,333
4874,1939,168
4875,1939,350
4876,1939,782
4877,1940,952
4878,1941,697
4879,1941,380
4880,1941,509
4881,1942,784
4882,1942,719
4883,1942,180
4884,1943,461
4885,1943,469
4886,1943,344
4887,1943,418
4888,1944,317
4889,1944,199
4890,1944,832
4891,1944,53
4892,1945,426
4893,1946,168
4894,1946,290
4895,1946,81
4896,1946,935
4897,1947,127
4898,1947,658
4899,1947,652
4900,1947,336
4901,1948,818
4902,1948,745
4903,1948,823
4904,1949,726
4905,1949,536
4906,1950,85
4907,1950,108
4908,1951,695
4909,1952,458
4910,1952,457
4911,1953,29
4912,1953,336
4913,1954,376
4914,1954,207
4915,1954,769
4916,1954,686
4917,1955,858
4918,1955,569
4919,1955,892
4920,1956,70
4921,1956,567
4922,1956,928
4923,1956,703
4924,1957,53
4925,1957,461
4926,1957,481
4927,1958,580
4928,1959,439
4929,1959,22
4930,1959,279
4931,1959,906
4932,1960,256
4933,1960,647
4934,1961,568
4935,1962,422
4936,1962,934
4937,1962,146
4938,1962,302
4939,1963,631
4940,1963,959
4941,1963,225
4942,1964,536
4943,1964,814
4944,1964,476
4945,1964,274
4946,1965,440
4947,1965,700
4948,1965,630
4949,1965,261
4950,1966,548
4951,1966,326
4952,1966,362
4953,1967,800
4954,1967,970
4955,1967,862
4956,1968,218
4957,1969,37
4958,1969,293
4959,1969,623
4960,1969,655
4961,1970,363
4962,1971,187
4963,1971,522
4964,1972,474
4965,1972,180
4966,1972,454
4967,1972,159
4968,1973,399
4969,1973,862
4970,1973,513
4971,1973,274
4972,1974,352
4973,1975,537
4974,1975,427
4975,1975,504
4976,1976,337
4977,1976,663
4978,1976,101
4979,1976,636
4980,1977,622
4981,1977,374
4982,1977,448
4983,1978,427
4984,1979,297
4985,1979,149
4986,1979,431
4987,1979,2
4988,1980,31
4989,1980,472
4990,1980,668
4991,1980,392
4992,1981,406
4993,1981,213
4994,1982,882
4995,1982,665
4996,1982,971
4997,1983,678
4998,1984,963
4999,1984,851
5000,1984,573
5001,1985,900
5002,1985,318
5003,1985,578
5004,1986,723
5005,1987,209
5006,1987,91
5007,1987,295
5008,1988,225
5009,1988,543
5010,1988,184
5011,1989,734
5012,1989,923
5013,1989,736
5014,1990,372
5015,1990,214
5016,1990,399
5017,1990,613
5018,1991,968
5019,1991,186
5020,1991,478
5021,1991,610
5022,1992,214
5023,1993,18
5024,1994,969
5025,1994,494
5026,1994,116
5027,1994,881
5028,1995,294
5029,1995,368
5030,1996,751
5031,1996,38
5032,1997,696
5033,1997,392
5034,1997,185
5035,1997,82
5036,1998,938
5037,1998,254
5038,1998,723
5039,1999,131
5040,1999,466
5041,1999,444
5042,2000,884
5043,2000,296
5044,2000,465
5045,2000,979
