ID,Date
1,7/22/2021
2,7/6/2021
3,5/12/2022
4,3/14/2022
5,6/17/2023
6,4/4/2022
7,6/20/2022
8,3/14/2023
9,7/25/2023
10,1/20/2022
11,1/13/2022
12,2/28/2021
13,12/15/2021
14,11/27/2022
15,11/24/2022
16,4/11/2021
17,1/17/2022
18,5/21/2022
19,12/9/2022
20,11/26/2022
21,3/4/2021
22,2/12/2023
23,8/21/2023
24,11/12/2022
25,2/4/2023
26,4/24/2022
27,6/8/2022
28,1/23/2022
29,7/18/2023
30,8/25/2022
31,10/4/2023
32,2/7/2023
33,6/26/2023
34,5/31/2022
35,11/28/2021
36,6/12/2023
37,8/31/2021
38,11/18/2021
39,12/2/2023
40,10/26/2022
41,2/19/2023
42,11/2/2023
43,6/11/2022
44,7/20/2021
45,11/5/2022
46,3/19/2021
47,11/15/2022
48,7/4/2023
49,5/10/2023
50,10/23/2023
51,7/29/2021
52,3/2/2023
53,6/2/2021
54,10/21/2021
55,9/16/2023
56,6/6/2021
57,2/15/2023
58,3/4/2021
59,10/10/2021
60,11/15/2023
61,6/17/2021
62,4/1/2021
63,6/12/2023
64,12/17/2022
65,12/22/2020
66,7/16/2022
67,8/15/2021
68,6/9/2022
69,12/10/2023
70,11/10/2023
71,12/18/2021
72,7/22/2021
73,2/16/2023
74,7/11/2022
75,7/10/2022
76,9/7/2021
77,4/15/2023
78,12/9/2023
79,3/11/2022
80,10/19/2022
81,9/8/2023
82,10/23/2023
83,3/7/2023
84,11/13/2023
85,7/1/2021
86,12/14/2020
87,11/12/2022
88,4/2/2022
89,8/14/2022
90,3/4/2023
91,3/23/2022
92,6/6/2022
93,7/2/2022
94,9/22/2023
95,1/7/2023
96,3/18/2022
97,3/6/2022
98,11/6/2021
99,1/11/2022
100,7/6/2021
101,1/1/2021
102,11/16/2023
103,1/7/2023
104,12/8/2022
105,3/1/2021
106,3/31/2021
107,10/4/2021
108,5/11/2022
109,6/28/2023
110,12/29/2020
111,10/8/2023
112,5/23/2023
113,4/23/2022
114,12/24/2021
115,12/11/2020
116,9/4/2022
117,12/23/2021
118,9/13/2021
119,9/3/2022
120,8/17/2023
121,7/29/2021
122,2/18/2023
123,8/31/2022
124,11/19/2021
125,3/20/2021
126,9/1/2022
127,1/17/2021
128,12/23/2021
129,2/21/2023
130,10/1/2021
131,1/11/2023
132,12/17/2022
133,8/6/2022
134,9/24/2021
135,10/7/2023
136,11/9/2021
137,7/7/2021
138,4/28/2022
139,2/20/2022
140,10/24/2022
141,2/5/2021
142,1/3/2021
143,7/30/2021
144,2/10/2021
145,10/13/2021
146,7/31/2021
147,1/9/2021
148,1/15/2023
149,6/15/2021
150,9/13/2021
151,10/6/2022
152,2/18/2021
153,1/25/2022
154,5/12/2021
155,6/15/2022
156,7/25/2023
157,8/6/2021
158,10/15/2021
159,2/22/2022
160,8/13/2022
161,1/29/2022
162,12/21/2022
163,7/14/2022
164,4/18/2021
165,1/23/2023
166,8/3/2022
167,3/16/2021
168,11/22/2021
169,11/12/2023
170,7/27/2023
171,9/4/2022
172,12/2/2022
173,3/2/2021
174,2/24/2023
175,7/18/2021
176,11/28/2022
177,3/12/2022
178,12/31/2020
179,1/14/2021
180,11/14/2023
181,6/29/2023
182,2/12/2023
183,6/26/2023
184,3/16/2022
185,12/5/2023
186,10/31/2021
187,10/27/2023
188,1/29/2022
189,11/26/2023
190,3/23/2023
191,12/3/2022
192,3/16/2023
193,7/10/2021
194,9/28/2023
195,3/27/2021
196,6/10/2022
197,2/11/2021
198,5/20/2021
199,7/19/2021
200,1/16/2022
201,5/28/2023
202,1/6/2023
203,7/30/2022
204,9/25/2023
205,2/20/2021
206,7/28/2021
207,12/6/2022
208,6/27/2021
209,8/26/2022
210,1/28/2023
211,10/11/2021
212,6/18/2023
213,1/17/2022
214,2/21/2022
215,6/13/2023
216,1/10/2022
217,3/31/2023
218,7/2/2021
219,1/16/2022
220,4/7/2023
221,4/6/2022
222,4/12/2021
223,8/14/2022
224,12/4/2022
225,8/3/2022
226,9/20/2022
227,7/17/2022
228,1/3/2022
229,5/22/2023
230,6/13/2021
231,9/9/2021
232,12/3/2022
233,9/20/2023
234,2/5/2023
235,10/3/2023
236,7/9/2022
237,4/11/2023
238,12/20/2021
239,10/21/2021
240,1/19/2023
241,6/13/2021
242,8/18/2022
243,7/10/2022
244,10/17/2022
245,7/4/2023
246,9/28/2021
247,9/14/2023
248,3/23/2022
249,8/6/2022
250,1/9/2021
251,3/29/2023
252,1/20/2023
253,7/22/2021
254,12/12/2020
255,11/12/2022
256,5/22/2022
257,5/4/2023
258,1/12/2023
259,5/16/2022
260,7/14/2022
261,8/21/2022
262,4/30/2023
263,6/28/2023
264,12/27/2020
265,3/7/2022
266,2/24/2023
267,1/7/2022
268,11/2/2021
269,12/27/2021
270,3/15/2022
271,11/29/2023
272,12/29/2022
273,2/22/2022
274,4/6/2023
275,12/24/2022
276,3/30/2022
277,4/28/2021
278,7/5/2022
279,3/11/2023
280,2/5/2022
281,4/13/2021
282,11/17/2023
283,9/1/2022
284,4/8/2023
285,12/14/2022
286,11/20/2022
287,1/31/2022
288,5/11/2022
289,5/16/2023
290,9/4/2023
291,9/30/2022
292,6/24/2021
293,5/2/2022
294,9/19/2023
295,2/8/2022
296,9/26/2023
297,12/20/2022
298,5/11/2023
299,5/29/2021
300,1/17/2023
301,7/11/2023
302,12/3/2022
303,11/9/2021
304,3/15/2022
305,11/27/2022
306,10/23/2023
307,8/31/2023
308,5/12/2023
309,9/13/2021
310,2/23/2022
311,2/24/2021
312,2/7/2021
313,9/12/2023
314,5/29/2023
315,8/28/2021
316,12/28/2022
317,6/3/2023
318,4/1/2023
319,7/11/2021
320,3/10/2023
321,1/25/2022
322,5/20/2022
323,5/29/2022
324,11/26/2023
325,8/21/2023
326,7/28/2023
327,6/14/2021
328,6/3/2022
329,11/7/2023
330,2/15/2021
331,8/23/2022
332,3/18/2022
333,10/5/2022
334,7/25/2022
335,11/25/2022
336,1/7/2023
337,9/30/2021
338,9/8/2022
339,1/19/2023
340,5/13/2023
341,11/10/2023
342,8/21/2022
343,8/20/2021
344,6/18/2022
345,1/16/2021
346,12/13/2022
347,7/9/2021
348,12/20/2021
349,2/6/2021
350,1/31/2021
351,5/24/2023
352,12/7/2023
353,10/21/2022
354,8/7/2023
355,4/26/2022
356,12/22/2021
357,12/14/2022
358,11/5/2021
359,2/4/2022
360,8/14/2021
361,4/24/2022
362,3/28/2023
363,1/26/2023
364,9/21/2023
365,1/26/2021
366,6/8/2022
367,8/27/2022
368,11/18/2023
369,6/26/2023
370,2/13/2022
371,8/24/2023
372,1/26/2022
373,11/30/2022
374,10/24/2021
375,10/13/2023
376,12/24/2020
377,8/22/2022
378,7/28/2023
379,3/16/2022
380,2/11/2023
381,1/27/2022
382,8/29/2021
383,2/13/2023
384,12/10/2021
385,9/8/2021
386,8/13/2021
387,8/25/2021
388,5/22/2023
389,3/10/2021
390,8/8/2021
391,9/18/2022
392,4/29/2021
393,3/26/2021
394,11/3/2023
395,12/15/2022
396,6/6/2021
397,7/1/2022
398,4/28/2023
399,4/7/2021
400,8/21/2023
401,11/5/2022
402,5/15/2022
403,1/9/2023
404,8/9/2021
405,8/29/2022
406,2/4/2023
407,10/5/2021
408,2/21/2021
409,1/23/2021
410,9/5/2021
411,6/11/2022
412,4/10/2023
413,5/17/2021
414,2/9/2022
415,12/18/2020
416,9/26/2023
417,12/12/2020
418,6/27/2021
419,5/26/2021
420,10/30/2022
421,12/19/2020
422,10/5/2022
423,8/8/2023
424,3/8/2023
425,7/25/2021
426,2/12/2021
427,9/15/2021
428,8/22/2021
429,4/14/2021
430,4/27/2022
431,9/14/2023
432,6/27/2022
433,7/28/2021
434,3/21/2022
435,7/25/2023
436,12/3/2021
437,5/5/2022
438,12/15/2022
439,6/29/2021
440,1/16/2022
441,4/28/2023
442,4/3/2022
443,9/9/2022
444,11/21/2022
445,9/11/2022
446,3/5/2021
447,9/30/2023
448,9/5/2023
449,9/6/2023
450,1/21/2023
451,4/28/2021
452,2/15/2023
453,7/23/2022
454,6/24/2023
455,8/14/2023
456,10/24/2023
457,5/14/2021
458,9/28/2023
459,4/7/2022
460,8/20/2023
461,7/14/2022
462,3/20/2022
463,10/13/2021
464,8/17/2022
465,7/28/2021
466,12/5/2023
467,6/5/2021
468,1/25/2023
469,1/22/2023
470,2/1/2021
471,10/8/2023
472,5/8/2021
473,6/18/2021
474,8/7/2022
475,1/26/2023
476,2/25/2023
477,11/4/2023
478,7/20/2022
479,2/20/2022
480,2/1/2022
481,8/25/2023
482,7/8/2021
483,3/7/2022
484,3/2/2023
485,3/4/2021
486,5/16/2022
487,12/20/2022
488,7/26/2022
489,10/10/2023
490,6/4/2023
491,8/9/2021
492,10/31/2023
493,12/1/2021
494,3/14/2022
495,9/23/2022
496,12/2/2022
497,11/6/2023
498,2/16/2021
499,11/23/2022
500,1/2/2023
501,7/14/2022
502,11/19/2022
503,5/4/2022
504,11/25/2023
505,10/7/2023
506,5/27/2022
507,2/25/2023
508,10/1/2023
509,7/10/2022
510,8/22/2021
511,4/16/2023
512,6/30/2023
513,3/13/2022
514,6/30/2022
515,5/6/2022
516,3/25/2023
517,10/10/2022
518,2/24/2023
519,12/8/2022
520,4/13/2022
521,10/23/2021
522,8/20/2021
523,3/25/2021
524,10/9/2022
525,4/18/2022
526,11/29/2023
527,4/3/2023
528,6/19/2023
529,4/29/2023
530,6/30/2022
531,6/23/2023
532,12/1/2022
533,9/22/2022
534,8/19/2023
535,2/20/2022
536,6/17/2022
537,6/17/2023
538,5/13/2021
539,5/3/2021
540,12/17/2020
541,6/12/2022
542,5/17/2022
543,1/28/2021
544,4/28/2021
545,8/15/2021
546,3/25/2022
547,9/5/2021
548,5/14/2023
549,5/8/2021
550,9/6/2023
551,5/2/2021
552,9/21/2022
553,5/2/2022
554,1/9/2021
555,11/24/2021
556,5/4/2021
557,12/19/2020
558,5/29/2021
559,6/26/2022
560,7/2/2022
561,12/25/2020
562,6/7/2023
563,5/9/2021
564,4/4/2021
565,2/19/2022
566,8/22/2021
567,6/1/2023
568,7/20/2022
569,1/20/2021
570,11/18/2022
571,10/11/2021
572,4/26/2023
573,2/1/2022
574,4/12/2023
575,6/17/2021
576,11/17/2021
577,11/13/2023
578,11/10/2022
579,5/17/2023
580,11/28/2022
581,7/10/2022
582,4/8/2023
583,1/27/2021
584,2/21/2021
585,4/16/2021
586,10/4/2023
587,11/11/2022
588,7/9/2021
589,11/24/2021
590,6/17/2022
591,10/15/2023
592,3/15/2023
593,7/3/2021
594,10/8/2023
595,4/28/2021
596,3/19/2023
597,2/11/2021
598,2/17/2023
599,3/14/2023
600,10/8/2022
601,2/10/2021
602,6/25/2022
603,9/13/2022
604,7/15/2021
605,5/30/2021
606,6/28/2021
607,9/29/2023
608,5/4/2022
609,4/21/2022
610,6/12/2021
611,1/25/2022
612,12/24/2022
613,5/29/2023
614,4/1/2023
615,9/12/2022
616,1/12/2023
617,8/15/2021
618,8/5/2022
619,10/3/2022
620,8/1/2022
621,1/14/2021
622,3/29/2022
623,8/11/2022
624,4/12/2021
625,3/15/2021
626,3/7/2021
627,5/5/2022
628,9/30/2021
629,4/6/2021
630,11/7/2021
631,4/11/2021
632,3/16/2023
633,10/3/2023
634,1/7/2023
635,10/8/2021
636,1/11/2022
637,2/9/2021
638,6/2/2023
639,6/18/2022
640,1/11/2023
641,8/10/2022
642,7/31/2021
643,10/3/2022
644,7/21/2021
645,9/3/2021
646,4/8/2022
647,1/25/2023
648,6/14/2023
649,11/25/2021
650,5/7/2022
651,3/4/2023
652,12/10/2020
653,11/11/2021
654,3/22/2021
655,3/20/2023
656,3/30/2022
657,8/15/2021
658,10/18/2021
659,12/10/2022
660,1/10/2021
661,3/17/2021
662,6/13/2022
663,8/17/2021
664,3/4/2023
665,10/21/2022
666,6/25/2023
667,4/17/2023
668,1/14/2023
669,6/17/2021
670,11/15/2021
671,3/5/2023
672,3/6/2022
673,9/17/2022
674,2/27/2023
675,10/7/2022
676,5/22/2021
677,10/14/2023
678,6/24/2022
679,4/4/2023
680,12/20/2020
681,9/30/2022
682,9/2/2023
683,8/2/2023
684,1/25/2021
685,11/1/2021
686,10/24/2023
687,12/5/2022
688,2/6/2022
689,9/18/2021
690,3/25/2023
691,11/5/2021
692,7/29/2022
693,11/9/2021
694,6/23/2022
695,8/30/2021
696,12/13/2021
697,8/19/2021
698,4/28/2022
699,1/27/2023
700,10/15/2022
701,1/4/2023
702,8/23/2022
703,3/25/2023
704,4/25/2021
705,12/3/2022
706,7/29/2021
707,9/24/2023
708,1/23/2023
709,10/30/2023
710,7/25/2023
711,7/13/2022
712,4/18/2023
713,9/6/2022
714,8/27/2023
715,2/24/2021
716,5/7/2021
717,11/21/2021
718,11/22/2022
719,10/22/2021
720,2/4/2022
721,12/12/2020
722,4/27/2021
723,11/30/2023
724,4/9/2022
725,6/9/2022
726,10/14/2022
727,4/28/2022
728,8/11/2021
729,8/4/2023
730,3/6/2022
731,9/10/2021
732,12/21/2022
733,11/2/2023
734,4/8/2023
735,10/22/2021
736,7/13/2021
737,4/6/2021
738,5/2/2023
739,2/19/2021
740,12/19/2020
741,8/21/2023
742,5/25/2021
743,8/14/2023
744,12/30/2022
745,3/19/2023
746,4/20/2023
747,7/26/2022
748,12/23/2020
749,10/29/2021
750,3/2/2021
751,10/26/2021
752,5/16/2021
753,3/17/2021
754,12/8/2023
755,10/25/2021
756,2/1/2021
757,9/21/2021
758,6/7/2021
759,5/8/2022
760,2/7/2022
761,11/28/2023
762,10/26/2021
763,7/13/2023
764,12/5/2022
765,7/3/2021
766,9/7/2023
767,9/4/2023
768,8/7/2023
769,1/13/2022
770,9/15/2023
771,2/21/2022
772,6/16/2021
773,8/7/2022
774,7/26/2022
775,3/22/2022
776,8/13/2023
777,4/30/2021
778,10/9/2021
779,10/6/2023
780,6/8/2022
781,11/24/2023
782,10/5/2023
783,10/22/2021
784,1/6/2023
785,11/26/2022
786,11/4/2022
787,3/3/2022
788,7/9/2022
789,7/28/2023
790,4/24/2021
791,5/11/2023
792,3/16/2021
793,9/20/2021
794,4/1/2021
795,7/9/2022
796,9/17/2022
797,4/11/2022
798,5/16/2021
799,11/5/2021
800,2/25/2023
801,6/21/2023
802,3/21/2023
803,1/26/2023
804,10/19/2023
805,1/4/2021
806,2/4/2021
807,9/25/2022
808,7/16/2023
809,5/2/2022
810,2/19/2021
811,7/14/2023
812,4/8/2022
813,10/24/2023
814,11/1/2022
815,12/5/2022
816,1/29/2022
817,3/13/2023
818,10/30/2021
819,7/11/2022
820,12/9/2020
821,5/13/2023
822,8/9/2022
823,11/23/2021
824,3/13/2021
825,11/22/2022
826,3/3/2022
827,10/6/2022
828,1/14/2021
829,1/27/2021
830,5/21/2022
831,12/18/2021
832,8/17/2021
833,8/11/2023
834,8/18/2022
835,7/30/2023
836,12/17/2022
837,1/16/2023
838,12/1/2021
839,3/8/2022
840,9/18/2022
841,8/8/2023
842,1/7/2023
843,2/13/2023
844,7/2/2021
845,7/5/2021
846,5/20/2023
847,5/27/2023
848,10/21/2023
849,6/11/2021
850,1/27/2022
851,3/5/2023
852,9/24/2021
853,5/17/2023
854,11/11/2022
855,4/11/2023
856,5/17/2022
857,11/20/2021
858,8/3/2022
859,4/1/2021
860,8/27/2023
861,1/3/2021
862,7/14/2021
863,1/8/2021
864,2/23/2023
865,4/26/2023
866,5/11/2021
867,4/9/2023
868,7/20/2021
869,1/9/2023
870,3/2/2021
871,10/25/2023
872,8/6/2023
873,12/26/2020
874,5/22/2022
875,3/19/2023
876,12/11/2021
877,8/24/2022
878,7/6/2021
879,11/28/2022
880,12/30/2020
881,10/20/2022
882,10/22/2023
883,10/15/2021
884,12/10/2021
885,6/9/2021
886,3/26/2023
887,8/29/2023
888,8/24/2022
889,5/2/2022
890,9/15/2023
891,9/24/2023
892,6/16/2022
893,10/24/2021
894,3/20/2022
895,11/7/2021
896,9/29/2023
897,4/28/2022
898,5/24/2022
899,5/15/2021
900,11/21/2021
901,7/28/2021
902,10/15/2021
903,9/5/2023
904,2/17/2022
905,7/3/2021
906,7/26/2023
907,12/20/2020
908,6/28/2023
909,9/21/2021
910,12/16/2020
911,9/12/2023
912,3/24/2022
913,11/2/2021
914,2/22/2022
915,12/16/2021
916,2/16/2021
917,3/7/2022
918,6/7/2021
919,3/2/2021
920,11/10/2021
921,6/5/2021
922,12/12/2020
923,4/21/2022
924,7/25/2023
925,1/18/2022
926,9/30/2021
927,1/29/2023
928,4/10/2023
929,7/31/2021
930,12/2/2023
931,6/7/2023
932,4/12/2021
933,12/28/2022
934,2/6/2022
935,2/16/2023
936,4/3/2023
937,1/19/2022
938,6/14/2021
939,6/14/2023
940,3/19/2021
941,1/31/2023
942,4/26/2023
943,12/21/2021
944,10/29/2022
945,12/14/2022
946,7/1/2022
947,11/9/2022
948,4/8/2022
949,10/17/2023
950,1/19/2022
951,3/16/2023
952,10/2/2022
953,9/12/2021
954,7/13/2023
955,12/17/2020
956,3/25/2022
957,12/24/2021
958,8/29/2023
959,8/3/2022
960,4/9/2022
961,6/7/2022
962,8/7/2023
963,3/4/2023
964,5/20/2022
965,12/28/2022
966,7/30/2021
967,9/25/2023
968,3/25/2023
969,5/6/2022
970,10/31/2021
971,8/3/2023
972,6/3/2023
973,3/31/2022
974,5/27/2021
975,8/22/2022
976,6/16/2021
977,6/24/2023
978,1/25/2022
979,9/5/2021
980,6/24/2022
981,1/1/2023
982,8/16/2021
983,10/2/2021
984,8/18/2022
985,2/26/2022
986,11/9/2023
987,9/4/2022
988,5/19/2021
989,1/30/2022
990,4/29/2023
991,8/22/2022
992,5/7/2022
993,3/29/2021
994,9/12/2023
995,4/8/2021
996,9/6/2022
997,8/21/2022
998,7/26/2022
999,8/18/2021
1000,3/4/2021
1001,11/19/2021
1002,7/21/2023
1003,4/13/2023
1004,3/6/2022
1005,9/29/2022
1006,10/4/2023
1007,6/21/2022
1008,1/31/2022
1009,11/17/2022
1010,8/5/2022
1011,1/13/2023
1012,4/4/2021
1013,11/28/2022
1014,10/12/2021
1015,4/14/2023
1016,5/8/2022
1017,1/16/2022
1018,7/27/2022
1019,4/18/2021
1020,12/24/2021
1021,12/31/2021
1022,4/12/2021
1023,4/15/2023
1024,5/7/2021
1025,11/14/2023
1026,3/9/2021
1027,10/28/2022
1028,4/10/2022
1029,2/25/2021
1030,3/25/2023
1031,8/1/2022
1032,1/17/2023
1033,5/24/2022
1034,3/2/2022
1035,6/2/2022
1036,11/15/2022
1037,2/7/2021
1038,7/12/2021
1039,11/23/2022
1040,6/27/2023
1041,2/9/2022
1042,6/9/2023
1043,3/22/2022
1044,5/14/2021
1045,10/6/2022
1046,3/8/2022
1047,4/1/2022
1048,8/19/2022
1049,5/9/2021
1050,6/10/2023
1051,4/22/2023
1052,1/20/2021
1053,2/4/2023
1054,5/30/2023
1055,1/23/2022
1056,7/12/2022
1057,9/4/2023
1058,5/9/2023
1059,3/15/2023
1060,9/7/2022
1061,1/13/2023
1062,11/28/2021
1063,7/30/2022
1064,9/16/2021
1065,1/4/2021
1066,9/14/2022
1067,12/26/2022
1068,1/1/2021
1069,5/9/2023
1070,11/15/2023
1071,1/21/2021
1072,1/5/2021
1073,9/9/2023
1074,7/5/2022
1075,5/13/2021
1076,7/13/2022
1077,9/2/2023
1078,5/7/2023
1079,4/19/2021
1080,5/22/2021
1081,7/22/2022
1082,1/3/2023
1083,11/21/2023
1084,3/26/2021
1085,1/16/2022
1086,12/26/2022
1087,9/25/2022
1088,2/5/2023
1089,7/4/2022
1090,11/6/2022
1091,3/18/2021
1092,4/11/2023
1093,7/10/2023
1094,9/1/2022
1095,5/22/2021
1096,6/14/2022
1097,2/28/2022
1098,5/21/2022
1099,11/26/2023
1100,6/20/2023
1101,9/30/2022
1102,4/15/2023
1103,8/17/2021
1104,12/18/2021
1105,1/5/2022
1106,5/15/2021
1107,9/14/2021
1108,9/25/2021
1109,4/20/2022
1110,3/12/2021
1111,11/2/2022
1112,12/6/2021
1113,1/22/2021
1114,4/26/2022
1115,12/17/2020
1116,7/5/2021
1117,9/6/2021
1118,2/13/2021
1119,12/18/2022
1120,10/2/2023
1121,9/18/2022
1122,11/10/2022
1123,9/23/2022
1124,12/6/2021
1125,4/10/2021
1126,7/3/2023
1127,2/9/2023
1128,3/17/2021
1129,3/4/2021
1130,6/30/2023
1131,8/3/2022
1132,4/4/2023
1133,2/12/2022
1134,6/27/2021
1135,7/30/2021
1136,10/17/2022
1137,12/9/2023
1138,4/6/2022
1139,3/27/2021
1140,4/18/2022
1141,9/2/2022
1142,3/1/2022
1143,5/29/2022
1144,8/12/2023
1145,4/25/2023
1146,8/27/2022
1147,4/16/2022
1148,11/13/2023
1149,1/28/2022
1150,12/22/2022
1151,12/25/2020
1152,5/25/2023
1153,6/4/2021
1154,11/27/2021
1155,2/28/2022
1156,1/22/2021
1157,4/23/2022
1158,5/20/2022
1159,2/21/2023
1160,11/27/2023
1161,7/11/2023
1162,12/25/2021
1163,6/6/2022
1164,6/26/2022
1165,7/26/2021
1166,8/26/2023
1167,10/2/2023
1168,6/6/2022
1169,9/15/2021
1170,4/19/2023
1171,6/29/2022
1172,7/17/2022
1173,7/29/2022
1174,7/15/2021
1175,8/1/2022
1176,4/12/2021
1177,10/17/2023
1178,11/6/2022
1179,7/25/2022
1180,5/16/2023
1181,10/24/2022
1182,12/11/2020
1183,4/27/2022
1184,12/30/2020
1185,11/4/2022
1186,5/12/2023
1187,4/15/2023
1188,6/8/2022
1189,7/27/2023
1190,6/28/2023
1191,3/26/2023
1192,3/2/2022
1193,6/15/2023
1194,6/6/2021
1195,4/12/2023
1196,6/10/2023
1197,4/30/2023
1198,7/12/2022
1199,10/3/2022
1200,4/21/2023
1201,9/17/2022
1202,10/6/2022
1203,11/26/2023
1204,6/9/2021
1205,6/11/2022
1206,10/3/2021
1207,6/5/2022
1208,9/25/2022
1209,7/20/2023
1210,10/28/2023
1211,10/19/2023
1212,4/23/2021
1213,6/22/2021
1214,8/10/2023
1215,1/14/2022
1216,7/19/2023
1217,7/22/2022
1218,5/11/2022
1219,11/3/2021
1220,10/6/2021
1221,3/26/2022
1222,9/2/2021
1223,8/12/2021
1224,9/15/2021
1225,9/25/2021
1226,7/1/2021
1227,2/19/2021
1228,2/21/2021
1229,9/21/2022
1230,2/19/2021
1231,2/4/2021
1232,10/7/2022
1233,4/16/2023
1234,2/6/2021
1235,2/9/2021
1236,3/22/2021
1237,3/22/2023
1238,3/17/2023
1239,7/6/2023
1240,8/1/2023
1241,5/26/2021
1242,3/2/2021
1243,6/30/2021
1244,8/23/2023
1245,12/10/2021
1246,3/15/2023
1247,2/14/2022
1248,1/2/2022
1249,4/20/2021
1250,8/24/2022
1251,1/17/2023
1252,1/22/2021
1253,8/17/2021
1254,3/24/2022
1255,3/19/2023
1256,4/4/2021
1257,2/26/2021
1258,9/18/2022
1259,9/8/2023
1260,2/7/2022
1261,11/26/2023
1262,5/21/2022
1263,9/8/2022
1264,2/21/2022
1265,7/12/2022
1266,4/20/2022
1267,5/14/2023
1268,9/4/2022
1269,5/14/2022
1270,12/7/2022
1271,7/16/2021
1272,12/22/2022
1273,9/3/2021
1274,10/12/2021
1275,2/3/2021
1276,5/22/2023
1277,12/15/2022
1278,11/20/2023
1279,1/17/2023
1280,2/12/2022
1281,4/29/2023
1282,11/12/2021
1283,1/7/2022
1284,10/31/2022
1285,4/9/2023
1286,3/1/2021
1287,7/14/2021
1288,9/24/2021
1289,7/11/2021
1290,9/6/2023
1291,9/24/2023
1292,9/16/2021
1293,3/7/2021
1294,7/4/2021
1295,3/29/2023
1296,9/7/2022
1297,8/15/2021
1298,3/14/2022
1299,11/12/2022
1300,8/21/2022
1301,1/1/2021
1302,2/3/2021
1303,7/2/2021
1304,1/4/2023
1305,12/11/2020
1306,4/25/2021
1307,11/13/2021
1308,7/13/2023
1309,12/31/2022
1310,8/18/2023
1311,7/19/2023
1312,6/13/2023
1313,4/11/2021
1314,10/28/2022
1315,5/3/2022
1316,5/10/2021
1317,9/26/2023
1318,1/6/2022
1319,3/24/2023
1320,12/24/2022
1321,6/10/2021
1322,1/5/2022
1323,1/10/2022
1324,6/28/2021
1325,3/6/2022
1326,9/5/2022
1327,4/18/2022
1328,7/27/2022
1329,8/16/2023
1330,7/3/2023
1331,11/30/2021
1332,11/7/2022
1333,5/10/2022
1334,9/10/2023
1335,1/18/2023
1336,6/20/2022
1337,4/28/2022
1338,9/24/2023
1339,10/20/2022
1340,4/17/2022
1341,5/2/2022
1342,5/24/2022
1343,6/29/2021
1344,10/28/2022
1345,7/10/2021
1346,8/5/2021
1347,1/29/2023
1348,9/15/2021
1349,1/5/2022
1350,1/13/2023
1351,2/18/2023
1352,2/24/2022
1353,2/10/2021
1354,6/2/2021
1355,4/10/2021
1356,12/24/2021
1357,2/12/2021
1358,5/23/2023
1359,4/1/2021
1360,9/25/2021
1361,9/30/2021
1362,8/2/2022
1363,1/18/2023
1364,10/5/2023
1365,3/25/2022
1366,11/13/2022
1367,4/12/2021
1368,1/27/2021
1369,7/20/2023
1370,8/5/2021
1371,4/23/2021
1372,3/1/2023
1373,7/16/2021
1374,2/18/2022
1375,5/22/2022
1376,8/21/2022
1377,10/28/2022
1378,11/7/2022
1379,11/22/2022
1380,11/12/2023
1381,12/11/2020
1382,2/1/2023
1383,10/24/2022
1384,9/23/2022
1385,6/20/2021
1386,4/2/2022
1387,10/22/2021
1388,1/5/2022
1389,4/2/2023
1390,6/26/2021
1391,4/28/2021
1392,9/13/2022
1393,5/11/2021
1394,7/18/2022
1395,8/2/2022
1396,4/1/2022
1397,8/25/2022
1398,8/7/2021
1399,1/27/2021
1400,2/4/2023
1401,4/30/2022
1402,12/28/2020
1403,6/19/2022
1404,7/20/2022
1405,3/13/2021
1406,11/15/2021
1407,10/9/2021
1408,1/26/2022
1409,12/8/2023
1410,4/20/2022
1411,11/13/2023
1412,2/7/2022
1413,2/6/2022
1414,3/27/2022
1415,4/18/2023
1416,6/13/2022
1417,9/2/2021
1418,5/17/2023
1419,10/20/2022
1420,1/23/2021
1421,2/5/2022
1422,12/9/2020
1423,7/18/2021
1424,1/9/2023
1425,9/26/2023
1426,4/19/2022
1427,6/28/2023
1428,2/6/2021
1429,9/26/2022
1430,11/21/2023
1431,12/26/2022
1432,3/24/2022
1433,2/27/2022
1434,1/15/2023
1435,6/29/2022
1436,10/28/2022
1437,1/18/2021
1438,2/17/2023
1439,9/26/2021
1440,3/6/2022
1441,11/5/2022
1442,1/10/2023
1443,11/26/2023
1444,7/5/2022
1445,1/10/2023
1446,6/11/2022
1447,4/10/2023
1448,2/21/2022
1449,5/9/2022
1450,9/9/2022
1451,7/27/2023
1452,10/10/2021
1453,5/29/2023
1454,4/22/2022
1455,4/20/2023
1456,11/4/2022
1457,1/27/2021
1458,8/24/2022
1459,6/17/2023
1460,3/9/2023
1461,6/4/2022
1462,12/12/2020
1463,12/8/2023
1464,3/13/2022
1465,10/21/2021
1466,5/10/2022
1467,3/31/2021
1468,10/27/2022
1469,4/15/2022
1470,6/21/2023
1471,12/28/2022
1472,3/14/2021
1473,4/3/2021
1474,9/29/2021
1475,7/24/2021
1476,5/15/2021
1477,9/15/2022
1478,4/4/2021
1479,7/11/2023
1480,7/4/2021
1481,12/2/2021
1482,1/22/2022
1483,6/25/2023
1484,8/30/2022
1485,2/22/2021
1486,4/17/2023
1487,7/7/2021
1488,9/29/2022
1489,12/15/2021
1490,6/26/2022
1491,2/2/2023
1492,2/26/2023
1493,12/27/2022
1494,10/20/2023
1495,12/25/2021
1496,9/22/2022
1497,10/27/2022
1498,10/12/2021
1499,3/5/2023
1500,6/27/2022
1501,11/14/2021
1502,2/11/2021
1503,12/1/2022
1504,1/29/2023
1505,7/17/2023
1506,6/15/2022
1507,1/13/2022
1508,1/31/2023
1509,1/5/2023
1510,11/3/2022
1511,4/27/2021
1512,1/31/2022
1513,11/17/2021
1514,7/18/2023
1515,1/23/2021
1516,4/9/2022
1517,4/2/2023
1518,2/25/2022
1519,5/22/2022
1520,9/9/2022
1521,4/5/2023
1522,2/6/2022
1523,9/26/2021
1524,4/30/2023
1525,2/28/2023
1526,8/31/2021
1527,5/29/2021
1528,6/29/2022
1529,12/19/2022
1530,12/24/2021
1531,1/11/2021
1532,3/31/2021
1533,7/31/2022
1534,7/27/2023
1535,2/5/2022
1536,12/8/2022
1537,4/12/2021
1538,9/25/2023
1539,11/20/2023
1540,9/4/2021
1541,4/9/2023
1542,11/21/2022
1543,9/14/2022
1544,4/19/2021
1545,3/4/2021
1546,7/15/2021
1547,11/25/2021
1548,4/2/2023
1549,6/28/2022
1550,3/19/2021
1551,10/24/2021
1552,4/16/2021
1553,12/26/2020
1554,5/23/2023
1555,9/18/2021
1556,1/8/2022
1557,7/1/2023
1558,6/24/2022
1559,5/15/2021
1560,7/2/2022
1561,9/1/2022
1562,2/25/2022
1563,8/14/2023
1564,10/14/2022
1565,2/10/2022
1566,6/26/2021
1567,7/10/2022
1568,4/6/2023
1569,12/22/2021
1570,5/25/2023
1571,11/4/2023
1572,4/1/2022
1573,7/16/2023
1574,8/16/2021
1575,3/13/2023
1576,6/2/2023
1577,6/26/2023
1578,12/3/2022
1579,6/7/2022
1580,5/28/2021
1581,1/19/2021
1582,6/19/2023
1583,5/13/2022
1584,1/24/2023
1585,12/16/2020
1586,4/11/2021
1587,12/31/2020
1588,1/9/2021
1589,3/13/2021
1590,2/12/2021
1591,7/13/2021
1592,5/30/2021
1593,5/31/2022
1594,11/30/2023
1595,4/21/2023
1596,10/26/2023
1597,3/19/2022
1598,10/25/2022
1599,3/10/2022
1600,4/23/2023
1601,10/7/2022
1602,11/20/2023
1603,1/22/2023
1604,3/24/2022
1605,6/1/2022
1606,7/29/2021
1607,7/28/2021
1608,9/24/2021
1609,7/4/2021
1610,10/8/2023
1611,9/18/2023
1612,4/24/2023
1613,8/24/2022
1614,2/8/2021
1615,2/20/2023
1616,4/15/2023
1617,6/1/2022
1618,6/21/2021
1619,3/18/2021
1620,6/19/2022
1621,5/8/2023
1622,10/7/2021
1623,3/31/2023
1624,7/7/2021
1625,12/24/2020
1626,10/27/2023
1627,7/22/2021
1628,7/10/2022
1629,4/9/2021
1630,6/30/2023
1631,6/5/2023
1632,10/22/2022
1633,7/23/2021
1634,12/26/2021
1635,3/9/2023
1636,8/24/2023
1637,2/15/2021
1638,2/18/2023
1639,5/25/2022
1640,2/6/2022
1641,8/3/2023
1642,3/9/2021
1643,1/2/2022
1644,8/18/2022
1645,2/21/2021
1646,10/26/2023
1647,10/14/2021
1648,9/18/2023
1649,4/19/2022
1650,1/16/2021
1651,2/14/2021
1652,1/18/2021
1653,9/7/2022
1654,11/12/2021
1655,12/25/2020
1656,5/12/2021
1657,8/20/2022
1658,9/20/2021
1659,12/29/2021
1660,8/19/2021
1661,5/22/2021
1662,2/22/2021
1663,9/14/2023
1664,11/12/2021
1665,1/16/2021
1666,9/8/2022
1667,1/28/2022
1668,9/15/2021
1669,12/8/2021
1670,10/19/2021
1671,6/17/2022
1672,3/10/2022
1673,6/19/2021
1674,10/10/2022
1675,11/16/2022
1676,9/28/2023
1677,9/17/2023
1678,7/2/2021
1679,6/12/2022
1680,7/4/2022
1681,12/11/2022
1682,8/14/2022
1683,11/30/2022
1684,11/5/2022
1685,10/17/2021
1686,10/11/2023
1687,3/25/2021
1688,11/1/2023
1689,11/22/2021
1690,9/7/2023
1691,12/17/2021
1692,2/27/2023
1693,9/2/2022
1694,2/21/2022
1695,3/17/2022
1696,5/12/2021
1697,12/16/2020
1698,12/31/2022
1699,1/20/2021
1700,11/1/2023
1701,5/23/2022
1702,6/6/2022
1703,10/24/2023
1704,10/16/2023
1705,1/22/2023
1706,12/11/2021
1707,5/26/2023
1708,2/19/2023
1709,3/5/2022
1710,9/18/2023
1711,8/30/2022
1712,11/1/2023
1713,8/18/2023
1714,9/27/2023
1715,3/24/2021
1716,4/27/2021
1717,3/27/2022
1718,1/28/2023
1719,6/6/2021
1720,6/3/2021
1721,3/16/2021
1722,5/16/2021
1723,3/2/2023
1724,8/20/2021
1725,4/29/2022
1726,4/20/2022
1727,8/24/2021
1728,6/19/2023
1729,2/14/2023
1730,7/26/2022
1731,11/14/2021
1732,6/21/2022
1733,10/6/2023
1734,9/1/2021
1735,1/16/2023
1736,12/10/2021
1737,12/1/2021
1738,10/17/2022
1739,10/19/2021
1740,5/2/2022
1741,8/29/2021
1742,6/19/2023
1743,1/17/2022
1744,6/17/2022
1745,3/25/2023
1746,10/14/2022
1747,3/1/2022
1748,5/30/2021
1749,1/19/2021
1750,4/22/2021
1751,5/8/2021
1752,7/30/2022
1753,3/7/2022
1754,3/20/2023
1755,2/2/2021
1756,7/23/2021
1757,10/16/2023
1758,8/9/2021
1759,2/7/2022
1760,8/6/2023
1761,10/13/2022
1762,5/9/2022
1763,5/3/2023
1764,6/6/2021
1765,8/1/2022
1766,12/2/2023
1767,11/9/2022
1768,1/27/2021
1769,1/10/2023
1770,8/25/2023
1771,1/19/2022
1772,8/1/2023
1773,1/6/2023
1774,9/12/2021
1775,3/22/2021
1776,2/12/2022
1777,6/20/2022
1778,7/10/2021
1779,5/31/2023
1780,1/15/2022
1781,5/16/2022
1782,3/7/2022
1783,1/7/2021
1784,11/15/2023
1785,2/12/2021
1786,1/30/2022
1787,9/12/2023
1788,9/20/2021
1789,8/10/2023
1790,7/4/2022
1791,10/18/2022
1792,12/13/2020
1793,10/3/2023
1794,6/26/2022
1795,9/27/2023
1796,12/3/2022
1797,7/18/2023
1798,3/7/2022
1799,2/19/2022
1800,12/29/2020
1801,3/26/2022
1802,5/8/2022
1803,12/5/2022
1804,9/26/2021
1805,10/18/2022
1806,10/15/2021
1807,8/3/2021
1808,6/11/2023
1809,3/8/2021
1810,2/13/2022
1811,12/18/2021
1812,1/31/2023
1813,4/7/2021
1814,2/20/2021
1815,4/20/2023
1816,10/11/2021
1817,1/16/2021
1818,3/20/2023
1819,9/15/2021
1820,2/26/2023
1821,9/17/2022
1822,6/28/2021
1823,7/4/2021
1824,3/27/2022
1825,3/22/2021
1826,4/30/2023
1827,8/22/2023
1828,12/15/2021
1829,6/2/2021
1830,10/3/2022
1831,2/11/2022
1832,5/16/2021
1833,10/13/2022
1834,4/27/2021
1835,1/24/2022
1836,9/3/2023
1837,7/25/2023
1838,7/11/2023
1839,12/10/2020
1840,5/13/2021
1841,11/28/2021
1842,7/10/2022
1843,1/12/2022
1844,7/8/2023
1845,9/14/2021
1846,10/7/2022
1847,6/23/2022
1848,5/21/2021
1849,5/14/2023
1850,8/9/2021
1851,8/26/2021
1852,1/21/2023
1853,7/24/2023
1854,8/7/2023
1855,1/24/2022
1856,9/12/2021
1857,6/15/2023
1858,10/27/2021
1859,9/30/2021
1860,7/27/2022
1861,6/28/2021
1862,7/3/2021
1863,11/24/2023
1864,1/6/2021
1865,2/18/2022
1866,12/13/2022
1867,12/10/2022
1868,11/29/2023
1869,4/29/2023
1870,9/21/2022
1871,11/5/2023
1872,4/15/2022
1873,3/14/2023
1874,7/9/2023
1875,7/4/2022
1876,9/26/2021
1877,6/13/2021
1878,1/17/2021
1879,8/30/2021
1880,8/8/2022
1881,11/6/2021
1882,11/17/2023
1883,1/29/2023
1884,5/4/2021
1885,11/12/2021
1886,8/10/2023
1887,9/18/2022
1888,6/28/2022
1889,9/19/2022
1890,1/30/2021
1891,6/23/2023
1892,9/2/2022
1893,5/28/2021
1894,1/9/2023
1895,11/9/2023
1896,2/11/2021
1897,1/31/2022
1898,11/7/2021
1899,5/16/2021
1900,2/21/2023
1901,5/7/2022
1902,1/6/2022
1903,5/7/2022
1904,4/13/2021
1905,9/26/2022
1906,1/24/2021
1907,10/24/2021
1908,3/6/2021
1909,11/23/2023
1910,9/5/2021
1911,8/25/2021
1912,1/10/2022
1913,7/7/2021
1914,1/13/2022
1915,7/12/2022
1916,5/13/2023
1917,11/25/2023
1918,10/22/2022
1919,12/16/2021
1920,4/21/2022
1921,2/8/2022
1922,9/22/2022
1923,5/14/2022
1924,7/14/2023
1925,2/7/2023
1926,6/23/2022
1927,2/12/2022
1928,3/3/2023
1929,6/3/2023
1930,2/26/2022
1931,10/29/2021
1932,10/1/2021
1933,1/4/2021
1934,4/4/2021
1935,11/11/2022
1936,10/3/2023
1937,1/13/2023
1938,2/25/2021
1939,8/28/2021
1940,2/5/2022
1941,5/30/2021
1942,3/17/2022
1943,11/5/2022
1944,8/3/2023
1945,11/7/2023
1946,3/5/2021
1947,2/11/2021
1948,11/21/2021
1949,3/17/2022
1950,10/21/2023
1951,1/20/2023
1952,10/28/2023
1953,9/17/2022
1954,11/8/2023
1955,6/10/2022
1956,12/26/2020
1957,8/27/2022
1958,4/17/2023
1959,3/11/2023
1960,1/23/2023
1961,1/14/2022
1962,10/1/2022
1963,8/6/2023
1964,12/9/2022
1965,12/5/2021
1966,2/17/2022
1967,7/16/2022
1968,4/18/2023
1969,1/5/2023
1970,3/6/2023
1971,9/6/2023
1972,6/23/2022
1973,11/8/2021
1974,3/28/2022
1975,5/19/2021
1976,5/23/2022
1977,11/26/2023
1978,7/20/2021
1979,4/6/2022
1980,5/15/2022
1981,12/29/2021
1982,8/13/2023
1983,2/16/2023
1984,6/28/2022
1985,1/13/2021
1986,6/20/2023
1987,8/26/2023
1988,8/21/2023
1989,5/22/2022
1990,10/27/2021
1991,11/3/2022
1992,10/27/2021
1993,12/12/2020
1994,3/21/2021
1995,4/1/2021
1996,5/26/2022
1997,10/1/2022
1998,1/10/2021
1999,7/6/2023
2000,12/20/2021
